group,index,rand1,rand2,rand3
1,1,2215,422,4511
1,2,1887,2968,3266
1,3,2903,4079,997
1,4,4460,3441,277
1,5,3193,977,2637
1,6,431,3485,4143
1,7,2054,3491,3689
1,8,1006,2007,4184
1,9,4120,466,3148
1,10,2255,535,2796
1,11,2690,3165,4147
1,12,2582,4602,1511
1,13,3841,3049,653
1,14,3438,890,1639
1,15,2050,1709,2270
1,16,138,2653,1314
1,17,394,2735,3865
1,18,1988,4096,2801
1,19,3626,1363,2473
1,20,3153,1987,3114
1,21,4028,1093,1992
1,22,3147,185,953
1,23,4183,272,2158
1,24,296,824,1904
1,25,4306,2235,1153
1,26,3317,3874,4156
1,27,4227,2290,4605
1,28,635,2368,3950
1,29,2747,4529,359
1,30,3095,4305,3388
1,31,1419,3708,3355
1,32,915,2669,3158
1,33,4374,1643,1882
1,34,2576,1061,2338
1,35,4318,3271,931
1,36,2105,1172,526
1,37,4018,1533,721
1,38,722,2067,1002
1,39,3699,4086,3218
1,40,622,3275,3773
1,41,478,3816,1612
1,42,297,2499,2574
1,43,1243,1057,4020
1,44,2451,1954,2006
1,45,413,3207,818
1,46,100,3031,712
1,47,1578,3659,1941
1,48,4026,293,165
1,49,1344,1604,3647
1,50,530,1562,2457
2,1,4315,2954,672
2,2,3742,994,3781
2,3,2896,1762,3170
2,4,2754,2176,2999
2,5,1290,1805,1071
2,6,1404,453,260
2,7,3972,3341,3224
2,8,126,4328,1921
2,9,3563,3260,2589
2,10,578,2634,1162
2,11,4206,2716,2173
2,12,2990,1107,1404
2,13,3811,491,130
2,14,2287,4461,4148
2,15,1041,3850,2922
2,16,3656,4267,4324
2,17,3800,2201,3334
2,18,1248,3201,2451
2,19,3350,349,3615
2,20,1713,2896,1609
2,21,4450,4399,1506
2,22,4556,3587,4308
2,23,3527,2103,3607
2,24,1602,2167,4549
2,25,4307,513,3652
2,26,1334,4322,2149
2,27,2099,4182,3718
2,28,1881,2737,1738
2,29,4468,4314,2757
2,30,3741,3312,2856
2,31,760,2378,3199
2,32,2311,3892,3853
2,33,3516,4028,1619
2,34,3532,562,4327
2,35,1622,1588,4582
2,36,4435,2575,1471
2,37,533,2084,421
2,38,3168,1420,192
2,39,2095,969,2674
2,40,2511,2482,2248
2,41,4193,4141,2918
2,42,2480,1612,321
2,43,908,1126,960
2,44,4539,548,3640
2,45,3060,355,239
2,46,2702,397,3239
2,47,699,36,2783
2,48,1889,3329,1097
2,49,1337,1122,872
2,50,2093,1708,4570
3,1,39,1158,2992
3,2,337,1453,1859
3,3,3489,3454,2651
3,4,4455,2972,4145
3,5,3662,2833,1189
3,6,1021,1218,1149
3,7,4264,1548,139
3,8,42,3500,3511
3,9,2549,3920,764
3,10,4127,2773,3627
3,11,4231,4139,1593
3,12,2208,173,4115
3,13,1873,3337,1749
3,14,2678,313,2975
3,15,2921,3557,1258
3,16,3577,3727,2719
3,17,3255,3707,4533
3,18,571,1806,1472
3,19,4439,2683,4294
3,20,619,1028,4007
3,21,1075,4611,3653
3,22,71,2924,3320
3,23,112,2250,1928
3,24,809,2779,4255
3,25,1649,3402,4197
3,26,4213,1659,1565
3,27,4015,502,2993
3,28,4373,745,330
3,29,2335,996,431
3,30,1102,1687,4119
3,31,2104,2592,3157
3,32,2473,4421,1926
3,33,2241,2889,1089
3,34,1008,3240,2000
3,35,4438,307,555
3,36,824,2908,1541
3,37,2805,281,3216
3,38,1336,4128,3440
3,39,3980,3538,2272
3,40,2515,914,2226
3,41,1807,701,2776
3,42,3820,1000,3072
3,43,1121,4562,3738
3,44,695,437,1238
3,45,636,3602,1814
3,46,3813,1607,4444
3,47,4156,3447,1279
3,48,1596,3820,2180
3,49,4118,552,2392
3,50,158,2922,4413
4,1,4610,2789,3390
4,2,3445,1609,453
4,3,3868,4281,3842
4,4,4473,3744,2539
4,5,692,3174,203
4,6,2427,3018,3779
4,7,742,1405,890
4,8,3047,2473,4527
4,9,902,1148,4128
4,10,2170,995,866
4,11,3091,854,315
4,12,983,3178,1599
4,13,2688,2631,1704
4,14,2398,3464,4424
4,15,545,2584,2435
4,16,4495,1733,2032
4,17,3282,3026,3888
4,18,4004,2856,851
4,19,2051,3085,2575
4,20,3962,2574,4349
4,21,1194,3597,1856
4,22,741,2668,156
4,23,119,1058,1819
4,24,4437,2448,333
4,25,3914,1944,2284
4,26,3931,1102,2036
4,27,221,3837,2846
4,28,2740,2599,3551
4,29,4358,178,499
4,30,3429,1752,4313
4,31,2564,1746,1261
4,32,544,1239,983
4,33,2869,3339,1449
4,34,435,352,4214
4,35,2189,362,1667
4,36,2492,1184,690
4,37,294,647,3485
4,38,4298,4007,2553
4,39,672,2066,2071
4,40,1941,3235,549
4,41,2806,294,3840
4,42,3956,4,2171
4,43,4508,4402,4522
4,44,3130,245,767
4,45,891,3440,1862
4,46,4111,255,1644
4,47,4470,3997,2679
4,48,704,4138,1974
4,49,558,1693,1872
4,50,3895,4171,3022
5,1,52,1572,1761
5,2,1329,1438,477
5,3,384,234,1867
5,4,2933,3533,2623
5,5,905,1019,4076
5,6,4241,1832,3030
5,7,2969,1105,2404
5,8,3106,331,2057
5,9,1646,4133,510
5,10,4050,3493,3747
5,11,1854,964,1907
5,12,232,3895,841
5,13,72,2151,2870
5,14,23,3563,1353
5,15,3208,584,4365
5,16,2314,956,4342
5,17,3447,772,2227
5,18,686,2533,3938
5,19,4043,2374,2842
5,20,4013,1598,2973
5,21,256,3759,1504
5,22,3870,353,2125
5,23,3964,2380,2797
5,24,1161,2162,2467
5,25,2428,2550,3890
5,26,2117,3752,2586
5,27,273,4451,3018
5,28,4176,3115,2862
5,29,960,734,1687
5,30,2807,6,302
5,31,3259,449,1763
5,32,1367,2700,2895
5,33,3602,61,4062
5,34,2436,1824,306
5,35,2420,1250,1881
5,36,162,1632,886
5,37,101,3474,1529
5,38,1149,2610,3254
5,39,4526,2346,2289
5,40,3556,4149,2476
5,41,3623,1853,946
5,42,1220,514,1661
5,43,438,668,347
5,44,602,1294,3860
5,45,3659,805,527
5,46,3989,3700,3737
5,47,2391,1758,2238
5,48,2284,4005,3998
5,49,4620,1056,2087
5,50,700,2661,4339
6,1,3204,2744,1930
6,2,3224,3027,1215
6,3,730,816,1967
6,4,821,3205,2894
6,5,4017,2277,2034
6,6,3711,1370,1158
6,7,553,862,2584
6,8,4177,2260,4221
6,9,3233,527,1301
6,10,2963,2334,1675
6,11,1168,4414,3329
6,12,1577,2212,1126
6,13,4281,3798,4492
6,14,81,72,1545
6,15,263,540,3843
6,16,3728,3678,4344
6,17,1774,1957,4405
6,18,4519,2116,590
6,19,1771,727,1966
6,20,3902,4233,2888
6,21,3087,2338,2022
6,22,379,3114,1624
6,23,1705,1422,1045
6,24,887,4316,3084
6,25,4223,3811,3592
6,26,3409,3792,3047
6,27,3734,1815,1726
6,28,2060,2882,4274
6,29,3467,2256,2644
6,30,1946,1867,3817
6,31,900,112,2625
6,32,2608,35,3090
6,33,1576,3771,410
6,34,3780,2051,603
6,35,1301,3693,1883
6,36,2555,4379,1092
6,37,4083,3179,4558
6,38,487,1335,1013
6,39,2850,404,4207
6,40,2727,52,2095
6,41,551,3896,864
6,42,441,17,3366
6,43,1162,1765,3117
6,44,684,2770,650
6,45,666,286,743
6,46,1416,3934,1894
6,47,3478,4574,3654
6,48,73,1532,3637
6,49,593,2524,432
6,50,2914,2835,2915
7,1,2589,3008,1733
7,2,639,2950,2461
7,3,415,3241,3080
7,4,4566,4383,2357
7,5,3528,2581,3091
7,6,196,2454,163
7,7,1954,2945,1048
7,8,798,949,2198
7,9,3388,4486,2279
7,10,3457,59,2688
7,11,146,1881,2005
7,12,2796,1846,273
7,13,3450,896,1642
7,14,1465,3842,611
7,15,2566,3647,3343
7,16,3555,329,4240
7,17,3751,1480,1517
7,18,1357,3915,2647
7,19,4061,1451,2218
7,20,2905,4259,4218
7,21,4474,841,3977
7,22,2514,3077,883
7,23,371,2457,3073
7,24,3109,1412,1207
7,25,300,1346,2928
7,26,2069,4206,4105
7,27,2974,1365,3661
7,28,3239,3589,1816
7,29,3186,3636,636
7,30,4215,1655,523
7,31,166,3265,1414
7,32,1283,747,3867
7,33,3207,11,4421
7,34,2349,1686,2863
7,35,449,611,2407
7,36,1690,1387,446
7,37,3903,2732,4565
7,38,4077,2752,3644
7,39,2503,166,1747
7,40,1996,2085,3365
7,41,1999,381,4175
7,42,2232,2293,3795
7,43,4303,3435,2434
7,44,3497,3189,35
7,45,3782,2161,1769
7,46,1383,4247,1259
7,47,2390,2746,4622
7,48,1652,4453,2007
7,49,98,1663,1304
7,50,1590,1208,3895
8,1,2365,2860,3849
8,2,1707,4509,3175
8,3,869,4301,513
8,4,793,3859,4171
8,5,1405,2329,153
8,6,970,1899,3415
8,7,3251,3034,2675
8,8,2466,2402,3552
8,9,264,4353,3279
8,10,4424,566,1985
8,11,2638,4069,1219
8,12,3244,14,2541
8,13,3440,4434,610
8,14,4055,2245,4352
8,15,3184,4614,3639
8,16,1915,3919,1627
8,17,3015,3452,378
8,18,2945,3092,2879
8,19,1466,2455,3993
8,20,657,978,4236
8,21,4020,2221,43
8,22,1156,4622,4443
8,23,3391,3102,1051
8,24,2870,1243,2123
8,25,3293,4454,3294
8,26,3733,1264,3970
8,27,2387,714,533
8,28,3635,393,1845
8,29,3753,3468,2324
8,30,3885,1211,2725
8,31,1300,3942,726
8,32,2767,3133,4588
8,33,1231,4269,2697
8,34,1001,455,2011
8,35,2534,3580,365
8,36,2835,3595,2187
8,37,834,1242,2582
8,38,3035,2556,4026
8,39,1286,4491,2322
8,40,288,3646,2619
8,41,3158,1608,2758
8,42,1421,4500,4471
8,43,1487,705,125
8,44,1047,386,1722
8,45,225,2702,4446
8,46,3236,3356,2684
8,47,2495,4148,2967
8,48,1697,1360,944
8,49,1249,2466,2178
8,50,412,1100,1466
9,1,1173,2273,2951
9,2,3940,2671,2750
9,3,3231,2325,3885
9,4,198,212,1524
9,5,2268,1379,4263
9,6,3477,4188,1040
9,7,1339,3802,1326
9,8,2138,1856,1515
9,9,3358,4192,2621
9,10,3136,4479,879
9,11,1275,1942,2280
9,12,2371,3732,3881
9,13,4051,473,3112
9,14,1489,1292,565
9,15,3991,558,1120
9,16,1017,625,2368
9,17,726,3593,3189
9,18,1833,897,3260
9,19,1181,2609,4271
9,20,3583,4174,3205
9,21,3568,2756,105
9,22,2991,1649,1145
9,23,3072,546,1368
9,24,1491,3586,815
9,25,3386,213,2246
9,26,2660,3061,3071
9,27,320,729,4580
9,28,3665,2399,2401
9,29,775,3141,1024
9,30,4025,368,3289
9,31,4221,637,2360
9,32,2217,510,1104
9,33,805,2465,500
9,34,2611,1999,3997
9,35,4551,2909,1245
9,36,1539,465,1554
9,37,995,2234,1692
9,38,430,2170,3859
9,39,3776,635,120
9,40,2097,366,2770
9,41,1381,813,3757
9,42,3911,2174,2904
9,43,2045,226,2706
9,44,2875,2443,613
9,45,716,1454,2812
9,46,939,3242,1818
9,47,3961,4371,4077
9,48,135,702,2319
9,49,2729,519,482
9,50,3443,899,3368
10,1,2846,3023,747
10,2,283,3845,3906
10,3,356,4176,3408
10,4,1079,94,986
10,5,1410,4043,4282
10,6,896,559,4542
10,7,1232,4594,3788
10,8,1223,4408,2423
10,9,2106,1771,94
10,10,2597,467,2241
10,11,3620,4143,1944
10,12,2649,3219,2562
10,13,1064,2422,2409
10,14,1957,4307,1336
10,15,952,4078,4170
10,16,3929,3810,3235
10,17,15,1804,3961
10,18,3691,488,3121
10,19,247,2562,3814
10,20,4131,2964,1550
10,21,2665,2345,2938
10,22,2844,3154,3332
10,23,1278,4536,869
10,24,850,2387,4124
10,25,2068,1084,2418
10,26,2922,2577,3019
10,27,4294,3522,3010
10,28,4003,133,463
10,29,82,2023,3858
10,30,2357,3803,1851
10,31,683,2893,2872
10,32,4222,603,4231
10,33,3765,1857,3731
10,34,1603,752,623
10,35,1766,3965,441
10,36,4216,2904,1808
10,37,1342,2715,1378
10,38,1541,3347,3902
10,39,1653,894,620
10,40,2000,2544,4270
10,41,4412,1320,853
10,42,3090,941,468
10,43,3738,4244,914
10,44,1753,810,4503
10,45,2609,4442,4288
10,46,2075,3343,3435
10,47,351,2199,1584
10,48,388,1074,3436
10,49,3351,1015,64
10,50,1611,169,354
11,1,3142,280,804
11,2,774,4568,4596
11,3,2368,3929,334
11,4,4251,4074,4041
11,5,1852,2658,226
11,6,2327,622,1075
11,7,3796,2576,4355
11,8,2598,430,1344
11,9,4257,3970,3612
11,10,1229,4540,544
11,11,1057,1052,713
11,12,1187,1574,1009
11,13,1351,1109,4539
11,14,1174,3854,3538
11,15,2251,3551,152
11,16,3084,4000,1460
11,17,49,3270,47
11,18,543,67,977
11,19,110,1500,1475
11,20,4549,2792,1569
11,21,1896,1890,467
11,22,3628,3443,1811
11,23,1077,2776,3056
11,24,4399,3840,1265
11,25,1247,2941,1736
11,26,4286,310,1247
11,27,457,442,1224
11,28,807,4570,2617
11,29,3028,1979,2578
11,30,2575,232,1848
11,31,3174,3871,3325
11,32,2372,3254,894
11,33,1637,2891,2200
11,34,2403,1162,2669
11,35,595,2935,4575
11,36,144,649,2693
11,37,4520,209,3783
11,38,929,3250,766
11,39,2416,1547,3980
11,40,928,2204,798
11,41,2773,3753,2946
11,42,3835,1251,3097
11,43,2722,1146,551
11,44,4422,4161,3306
11,45,4224,644,3128
11,46,2035,657,1525
11,47,2295,1601,1812
11,48,800,601,1470
11,49,3423,751,938
11,50,3674,4194,294
12,1,1860,4055,1542
12,2,2975,4304,2886
12,3,4157,3573,2353
12,4,2658,4481,1665
12,5,1661,1467,2516
12,6,968,976,2875
12,7,732,1501,730
12,8,1076,2505,2841
12,9,4134,4018,943
12,10,4128,4119,4291
12,11,2648,3841,2500
12,12,103,1908,4351
12,13,4411,3913,2503
12,14,1302,3918,1370
12,15,1019,2885,3687
12,16,3088,3825,4120
12,17,1091,3904,3259
12,18,113,2435,3516
12,19,3616,3622,595
12,20,723,3269,3531
12,21,4036,1209,4393
12,22,3392,4533,3620
12,23,331,3157,1483
12,24,4356,180,4125
12,25,3795,3519,2183
12,26,2242,3669,3688
12,27,3308,768,4211
12,28,1473,3418,2559
12,29,0,4114,3214
12,30,3864,1971,1795
12,31,3182,518,3182
12,32,20,4241,231
12,33,3202,1623,3045
12,34,4500,823,546
12,35,3538,3618,3856
12,36,4536,3192,654
12,37,3411,1116,4060
12,38,3689,1744,562
12,39,949,3819,2080
12,40,1790,2022,2117
12,41,1625,2799,96
12,42,2240,4445,3188
12,43,192,86,2179
12,44,3311,990,478
12,45,2730,3781,3811
12,46,2043,1941,3660
12,47,2834,2181,3370
12,48,2919,2213,2411
12,49,28,757,3841
12,50,3906,2107,2645
13,1,872,4001,3861
13,2,1371,1448,3268
13,3,180,1255,979
13,4,1060,39,1513
13,5,1456,3581,968
13,6,629,3217,2952
13,7,589,4113,4459
13,8,4202,1245,1533
13,9,3618,2958,1033
13,10,2592,2314,4505
13,11,3118,900,4002
13,12,3127,3405,3016
13,13,3901,60,631
13,14,3280,1782,263
13,15,3694,1380,582
13,16,813,2486,2375
13,17,2880,3714,1943
13,18,893,2520,3631
13,19,1546,2557,4336
13,20,1384,1560,3571
13,21,3634,439,2735
13,22,4494,4089,4322
13,23,1147,436,4154
13,24,3853,1406,753
13,25,1982,950,313
13,26,4287,3358,9
13,27,4503,4011,3536
13,28,184,1951,878
13,29,4159,2750,1486
13,30,3348,1010,1146
13,31,1977,1282,4049
13,32,857,3730,1530
13,33,1899,4036,3918
13,34,352,641,2756
13,35,4320,1343,2948
13,36,557,1553,4455
13,37,2958,1529,1613
13,38,2192,1578,2444
13,39,669,1091,2257
13,40,2202,2119,361
13,41,4365,853,1133
13,42,2532,2780,2294
13,43,4197,2903,795
13,44,4625,1424,3250
13,45,4273,4205,1510
13,46,4066,2760,2472
13,47,3857,419,1572
13,48,1867,1784,3223
13,49,3051,3496,581
13,50,3492,2837,1423
14,1,2873,2091,4246
14,2,1802,155,4253
14,3,1308,4265,4564
14,4,2697,3689,3611
14,5,3161,4597,2502
14,6,1600,3253,3396
14,7,2504,2684,2605
14,8,2752,4324,849
14,9,2501,3710,1339
14,10,1688,819,2274
14,11,3851,433,32
14,12,1987,733,671
14,13,1036,2446,2631
14,14,3898,4369,739
14,15,4095,1347,534
14,16,2447,1488,1243
14,17,362,3888,3987
14,18,176,3683,1429
14,19,4090,4520,3122
14,20,391,3756,3274
14,21,1572,1767,3291
14,22,1461,262,2695
14,23,2766,4587,3493
14,24,3053,1353,2247
14,25,2482,3059,2438
14,26,2797,1478,4579
14,27,3982,2888,3621
14,28,472,350,3402
14,29,43,2685,434
14,30,3017,2357,292
14,31,1190,2531,1573
14,32,1435,4227,3269
14,33,131,1900,2579
14,34,3069,2940,2004
14,35,1134,3345,103
14,36,2816,296,2235
14,37,2579,380,2970
14,38,22,3017,4396
14,39,754,2100,3447
14,40,4619,4292,2122
14,41,1693,1233,2865
14,42,1430,861,3583
14,43,1886,1029,1386
14,44,4138,1990,1560
14,45,2458,2358,3835
14,46,1678,769,4233
14,47,3257,2098,3139
14,48,202,2373,4523
14,49,930,1049,82
14,50,2680,3864,1151
15,1,1446,2843,3345
15,2,3425,297,1292
15,3,4021,1038,1211
15,4,143,382,50
15,5,104,1668,249
15,6,1717,2187,3891
15,7,3584,3074,1375
15,8,3347,2613,1156
15,9,2863,242,3963
15,10,3217,2930,3975
15,11,832,2069,2745
15,12,3512,1080,3156
15,13,2728,3796,1020
15,14,1197,2962,2169
15,15,266,3976,3449
15,16,3486,2425,4560
15,17,693,3168,3245
15,18,2273,4532,1998
15,19,2423,1858,2700
15,20,2671,3838,1135
15,21,364,2008,3123
15,22,3421,4510,1653
15,23,1778,1497,2383
15,24,3945,1342,2119
15,25,3708,2548,2002
15,26,3880,2551,4198
15,27,3913,26,3589
15,28,2214,1073,3131
15,29,1198,2867,2768
15,30,2052,1674,1537
15,31,3609,3401,1809
15,32,4405,1423,3826
15,33,1776,87,716
15,34,2393,3569,4425
15,35,2080,2960,2983
15,36,3740,3933,4009
15,37,2361,3671,912
15,38,1685,432,2026
15,39,2927,1258,4309
15,40,212,4351,69
15,41,2435,2625,3753
15,42,3844,3690,1893
15,43,1708,961,1741
15,44,1782,2641,4606
15,45,321,1430,2040
15,46,3266,935,3772
15,47,3590,1788,1839
15,48,3369,2741,3167
15,49,108,4038,3201
15,50,3759,1727,3851
16,1,1039,4374,1737
16,2,3064,3890,174
16,3,3248,1040,2897
16,4,3838,3795,2163
16,5,3567,1076,2633
16,6,3593,165,3013
16,7,917,1978,2221
16,8,2517,3369,3395
16,9,2825,2351,2838
16,10,1812,239,1858
16,11,753,263,589
16,12,1632,3909,4462
16,13,402,3548,4559
16,14,2911,4469,1945
16,15,2461,2666,2115
16,16,1880,3424,3630
16,17,1994,3,3465
16,18,3747,3961,4593
16,19,1635,3656,701
16,20,445,1323,854
16,21,1230,1929,323
16,22,3019,4216,3999
16,23,606,154,2941
16,24,4590,2559,2058
16,25,1299,2844,4169
16,26,2939,4440,4048
16,27,3341,2253,2488
16,28,1420,3327,2887
16,29,97,1910,2465
16,30,4345,2142,3723
16,31,86,955,4430
16,32,4607,3501,1262
16,33,4030,2045,1187
16,34,859,1236,737
16,35,2150,4290,2910
16,36,3165,2218,1484
16,37,4079,1328,489
16,38,1358,3285,929
16,39,44,3549,3426
16,40,4014,4017,4519
16,41,3321,1587,3451
16,42,4416,4484,807
16,43,2793,268,2076
16,44,1010,638,2615
16,45,3045,2580,1636
16,46,3170,4578,4447
16,47,243,4476,4101
16,48,4545,3362,1106
16,49,2244,2002,3060
16,50,1933,2947,2481
17,1,3426,3620,92
17,2,3927,688,945
17,3,1241,1682,2041
17,4,1832,654,2655
17,5,2218,2890,3741
17,6,2981,2552,1076
17,7,3861,1189,4191
17,8,1731,3288,2618
17,9,4521,3959,1646
17,10,3650,1192,3815
17,11,651,415,3758
17,12,4056,1199,4082
17,13,554,2047,4603
17,14,238,13,3290
17,15,4072,4127,571
17,16,419,1742,554
17,17,2484,3567,3838
17,18,1155,250,1128
17,19,251,4228,4460
17,20,1455,4327,3892
17,21,1471,912,2085
17,22,2339,2118,2522
17,23,2772,34,1270
17,24,3375,4066,3921
17,25,1513,1757,407
17,26,3983,2028,3646
17,27,1486,3448,2883
17,28,3415,1298,3919
17,29,838,92,1451
17,30,2604,3487,4275
17,31,3222,302,4068
17,32,3000,1518,2376
17,33,757,1432,3133
17,34,4010,822,3563
17,35,3270,84,936
17,36,2381,1136,1681
17,37,2283,1273,4142
17,38,1059,1868,3204
17,39,4361,2496,1650
17,40,8,1734,2285
17,41,1570,56,3417
17,42,875,3583,3113
17,43,962,1985,2402
17,44,3985,2156,1785
17,45,2938,1385,4265
17,46,1027,1660,4279
17,47,4099,2679,2731
17,48,2061,2905,4247
17,49,3894,4620,3655
17,50,4537,47,990
18,1,1532,1124,492
18,2,2419,1875,3160
18,3,4400,2292,1095
18,4,228,365,1072
18,5,2758,3038,3336
18,6,1525,3330,1892
18,7,689,305,865
18,8,514,1723,4543
18,9,1369,1564,3700
18,10,1389,504,4109
18,11,585,1228,669
18,12,4071,306,1790
18,13,4355,1372,3246
18,14,4502,2414,1591
18,15,1654,807,2072
18,16,1538,3498,3061
18,17,426,2184,4423
18,18,1122,3502,136
18,19,3696,3978,3222
18,20,3442,567,3497
18,21,2627,356,2213
18,22,4359,98,4034
18,23,4129,517,422
18,24,731,3121,4315
18,25,3330,1774,4006
18,26,4444,3432,1660
18,27,36,3952,670
18,28,1524,4558,4520
18,29,2142,1810,3169
18,30,392,1808,1213
18,31,2899,1079,3649
18,32,483,1345,145
18,33,47,413,3477
18,34,963,794,505
18,35,4234,875,2808
18,36,4488,2615,1465
18,37,2031,3375,1669
18,38,4171,2233,155
18,39,1098,1469,3193
18,40,4407,549,2504
18,41,950,2946,191
18,42,1214,4294,394
18,43,959,3183,3358
18,44,2946,1465,1049
18,45,3288,123,4440
18,46,1689,4260,1130
18,47,2345,1605,1957
18,48,3371,905,1779
18,49,261,3530,4466
18,50,4112,468,1329
19,1,2650,2573,2264
19,2,2930,1775,3434
19,3,1770,2901,2059
19,4,1054,4415,1871
19,5,1759,3572,3629
19,6,955,3692,4161
19,7,4333,3044,3099
19,8,2320,3078,896
19,9,4226,4298,3265
19,10,2400,2200,3015
19,11,78,1321,3284
19,12,642,1769,4374
19,13,3319,909,1144
19,14,3030,38,3220
19,15,2439,477,3599
19,16,3146,2528,2794
19,17,2741,993,2564
19,18,1464,686,3659
19,19,4208,312,537
19,20,826,128,1381
19,21,2695,157,3312
19,22,30,2529,876
19,23,1200,930,4535
19,24,2130,1797,3461
19,25,1730,4389,443
19,26,3595,921,2104
19,27,750,4209,2378
19,28,2509,1697,2291
19,29,2074,2198,3543
19,30,799,1089,4594
19,31,3212,4522,1360
19,32,3582,2969,985
19,33,3607,261,1174
19,34,170,3601,683
19,35,2463,2450,3692
19,36,2535,3536,1357
19,37,3639,4076,1640
19,38,2801,2820,2761
19,39,1684,2096,624
19,40,2934,2469,4598
19,41,2114,4459,3830
19,42,4552,2518,2290
19,43,167,3473,3425
19,44,3192,499,2428
19,45,3569,542,1142
19,46,1070,3675,2320
19,47,3276,789,1088
19,48,12,1961,296
19,49,122,2601,745
19,50,4543,3704,4075
20,1,3859,793,3357
20,2,2064,4153,2580
20,3,2523,1483,4091
20,4,2998,2208,3714
20,5,4314,804,1114
20,6,3591,1425,60
20,7,3684,1051,1498
20,8,2413,2031,4012
20,9,4034,1691,1746
20,10,3416,4293,2109
20,11,1061,781,2201
20,12,4200,2989,1804
20,13,88,2530,1963
20,14,250,4553,229
20,15,3417,447,2807
20,16,3717,1542,4281
20,17,1261,2863,3708
20,18,4346,526,3136
20,19,1206,3609,1757
20,20,715,710,1836
20,21,1363,2043,3949
20,22,1617,2289,1327
20,23,3496,3925,279
20,24,1916,940,3527
20,25,3352,4494,1961
20,26,854,1312,2680
20,27,4110,1487,2191
20,28,649,1577,686
20,29,4341,1630,4532
20,30,2456,1586,4066
20,31,2676,557,4103
20,32,4005,3373,3752
20,33,2346,2980,2242
20,34,4082,3333,106
20,35,2918,1381,2094
20,36,1743,1713,2013
20,37,2771,2990,932
20,38,4078,3878,3564
20,39,1969,3813,1514
20,40,3952,1565,2677
20,41,1502,588,2538
20,42,3941,1182,3163
20,43,3580,4098,322
20,44,3848,253,727
20,45,4367,486,2182
20,46,3967,1557,770
20,47,4604,2706,2222
20,48,4452,2105,4591
20,49,3579,869,3341
20,50,1137,2062,3749
21,1,425,4040,3706
21,2,1747,2276,4416
21,3,4381,1509,769
21,4,729,2144,1079
21,5,1550,4503,604
21,6,1909,3539,275
21,7,3836,3181,4126
21,8,407,2692,1902
21,9,3575,4439,4136
21,10,3389,3777,3310
21,11,61,3022,1984
21,12,3869,2740,2030
21,13,40,1638,3264
21,14,4501,3396,86
21,15,268,1809,2045
21,16,14,2125,3774
21,17,4544,193,70
21,18,601,2855,3775
21,19,1069,808,1962
21,20,3306,2102,738
21,21,3750,2111,3321
21,22,1011,153,4310
21,23,4175,1703,1127
21,24,2103,4493,444
21,25,3646,2057,4626
21,26,748,1864,3024
21,27,861,4528,471
21,28,4591,2072,2839
21,29,3011,2638,4064
21,30,4447,849,496
21,31,2524,1152,2495
21,32,1695,1350,3372
21,33,4434,3748,3237
21,34,1639,4567,2855
21,35,3481,3278,4528
21,36,4336,1650,2521
21,37,790,4334,3798
21,38,2091,1891,3797
21,39,3342,3123,2215
21,40,111,4117,1923
21,41,1436,2147,1087
21,42,4404,4185,370
21,43,2243,3113,2568
21,44,1043,4264,576
21,45,3683,4398,2753
21,46,2829,3773,242
21,47,54,1521,427
21,48,583,1918,3519
21,49,2018,1755,2049
21,50,2188,1641,2
22,1,2155,923,1603
22,2,507,1763,2130
22,3,3922,2442,3011
22,4,3774,1515,1803
22,5,2191,2038,2477
22,6,2502,2510,585
22,7,1242,2269,607
22,8,2067,2175,405
22,9,1594,2546,1223
22,10,4091,1645,1793
22,11,4233,3809,2181
22,12,2012,4225,697
22,13,3275,1101,2581
22,14,843,3488,1192
22,15,310,1012,190
22,16,3390,3711,1588
22,17,3867,3564,1547
22,18,3223,4134,3699
22,19,1335,2061,957
22,20,4390,587,4054
22,21,140,938,1502
22,22,3718,4202,3202
22,23,3468,1947,2275
22,24,2474,4309,1289
22,25,3464,4093,2986
22,26,1636,4033,3391
22,27,752,3199,2528
22,28,3007,3980,2462
22,29,1929,4255,2529
22,30,1204,1718,1373
22,31,182,3256,3839
22,32,3858,1838,1166
22,33,3454,3517,3873
22,34,145,947,859
22,35,3682,3458,2460
22,36,2374,777,4272
22,37,3764,2311,4493
22,38,3771,2804,3579
22,39,1128,2526,1315
22,40,16,2749,2577
22,41,3262,283,3784
22,42,911,3153,1298
22,43,1063,4373,1586
22,44,463,4559,2345
22,45,2143,4047,2726
22,46,2275,600,4584
22,47,3744,49,4071
22,48,437,1394,2494
22,49,2,617,2014
22,50,194,3438,3075
23,1,2385,3161,2302
23,2,4198,3391,62
23,3,3749,1537,3179
23,4,3003,2607,1393
23,5,811,2324,4185
23,6,2989,2845,1546
23,7,2547,2375,981
23,8,761,2831,3457
23,9,1554,2157,4556
23,10,2399,4517,2206
23,11,3779,4392,4224
23,12,1749,973,3663
23,13,3904,325,963
23,14,4360,1860,1445
23,15,1911,3346,1272
23,16,270,555,2773
23,17,2749,176,2136
23,18,1191,246,2318
23,19,1,1592,1011
23,20,934,4599,1562
23,21,4032,2006,3852
23,22,2186,1301,2326
23,23,2094,4090,353
23,24,2418,4006,1817
23,25,941,1680,4372
23,26,2997,3100,1271
23,27,2325,274,3770
23,28,1723,3446,4463
23,29,2924,4507,1394
23,30,3325,2243,4220
23,31,3808,3251,213
23,32,2196,121,1798
23,33,4132,2707,3832
23,34,4443,4362,111
23,35,661,1280,899
23,36,1499,812,1935
23,37,2677,2160,1538
23,38,2814,903,1933
23,39,1312,2104,1758
23,40,2328,2507,1821
23,41,814,3475,2127
23,42,1409,3855,4534
23,43,1496,370,4442
23,44,733,1513,2926
23,45,4512,1364,1884
23,46,1808,3664,1252
23,47,5,980,1268
23,48,4027,662,3898
23,49,2830,269,939
23,50,3459,4129,4022
24,1,3815,1226,4033
24,2,4577,1705,2869
24,3,1055,1740,1422
24,4,3803,1569,3444
24,5,4394,632,2155
24,6,4191,2984,3593
24,7,925,1459,3412
24,8,1963,1,2352
24,9,3200,2108,2960
24,10,1501,1306,1275
24,11,4162,1743,802
24,12,3693,3739,1718
24,13,4289,2508,491
24,14,2071,4352,3353
24,15,659,1534,3690
24,16,299,4286,779
24,17,511,2534,3939
24,18,2675,236,1503
24,19,259,574,1752
24,20,567,2957,2103
24,21,1930,111,2923
24,22,4288,1675,1331
24,23,2616,3321,3904
24,24,3681,4035,2544
24,25,3401,3783,4192
24,26,3300,4598,3356
24,27,1215,3879,3824
24,28,3548,1077,259
24,29,2190,2396,4127
24,30,662,2463,2261
24,31,2574,1793,937
24,32,4413,2585,1316
24,33,3912,936,796
24,34,1090,1027,1005
24,35,1593,2651,1175
24,36,3380,3376,3162
24,37,121,3051,751
24,38,2477,3834,722
24,39,3950,1455,1909
24,40,4583,1520,2417
24,41,339,3409,4434
24,42,2951,4057,1383
24,43,4009,2120,164
24,44,2784,2494,4259
24,45,3504,554,2710
24,46,1815,1816,3769
24,47,899,3902,1657
24,48,1534,3000,3894
24,49,1349,1761,34
24,50,3337,1186,2239
25,1,3107,2124,3766
25,2,4062,2014,782
25,3,1281,1429,418
25,4,1972,4530,3376
25,5,1536,2688,1201
25,6,870,1778,3920
25,7,2338,1180,4258
25,8,2986,867,1188
25,9,2970,220,388
25,10,2926,3930,612
25,11,4070,227,1433
25,12,751,3738,16
25,13,1620,4506,3443
25,14,1553,3480,3168
25,15,2490,1197,1007
25,16,3979,4466,4021
25,17,3990,4395,1713
25,18,3356,3352,2906
25,19,2861,2395,1663
25,20,2819,2762,1167
25,21,4263,1461,2267
25,22,936,985,1832
25,23,3879,2637,4618
25,24,1253,4424,3926
25,25,2581,2879,3827
25,26,460,3734,2449
25,27,2229,2437,1139
25,28,2601,3867,4500
25,29,3667,3974,2534
25,30,451,1871,4235
25,31,63,2939,2933
25,32,1662,760,3778
25,33,2301,2539,4039
25,34,1495,4212,904
25,35,1848,2172,4392
25,36,2782,4619,2255
25,37,1360,918,1791
25,38,1007,952,2015
25,39,2089,2497,1356
25,40,2073,1661,2470
25,41,2149,925,908
25,42,1150,1636,1676
25,43,1597,3652,2332
25,44,399,1822,100
25,45,3703,3400,3437
25,46,4126,318,1463
25,47,1643,132,3833
25,48,4529,2021,2920
25,49,1587,1836,2708
25,50,2408,2821,2592
26,1,1615,3190,2437
26,2,3093,2251,4144
26,3,287,101,1070
26,4,591,829,1682
26,5,4505,2330,30
26,6,341,3255,548
26,7,2993,1820,579
26,8,4396,2186,1837
26,9,1992,4492,2070
26,10,4517,65,2654
26,11,1722,2834,376
26,12,1668,4306,539
26,13,785,3465,2662
26,14,3460,2846,3513
26,15,4384,198,2479
26,16,4296,1140,1481
26,17,1407,515,266
26,18,1727,4336,4480
26,19,2961,3626,2591
26,20,289,2344,1428
26,21,3500,1825,1585
26,22,4152,2015,2995
26,23,239,3787,2689
26,24,3092,809,1540
26,25,488,1331,3559
26,26,241,1475,3344
26,27,1293,550,2857
26,28,4108,3911,4404
26,29,1512,3977,4229
26,30,3039,2620,765
26,31,1258,1248,1830
26,32,609,1198,519
26,33,2440,4012,3385
26,34,1264,4300,2955
26,35,1549,2278,1719
26,36,3850,1008,794
26,37,1995,2985,2784
26,38,1452,2899,462
26,39,1612,1911,3379
26,40,803,2252,2560
26,41,4133,3147,2260
26,42,1856,4240,3035
26,43,2701,3543,2624
26,44,3755,18,1846
26,45,1080,2644,1523
26,46,1002,24,4432
26,47,537,3107,4303
26,48,1442,3571,3854
26,49,4248,3322,135
26,50,3455,3640,691
27,1,1447,3064,1159
27,2,749,2282,2552
27,3,2396,594,4610
27,4,1898,4407,1683
27,5,208,3130,2371
27,6,3313,2772,4056
27,7,128,1215,2877
27,8,570,3592,3028
27,9,2892,4019,3585
27,10,4244,3880,3217
27,11,9,1285,3656
27,12,1601,797,220
27,13,879,171,4100
27,14,1642,2764,243
27,15,3587,703,1786
27,16,404,3994,4234
27,17,1579,1563,2303
27,18,59,3062,4174
27,19,1767,337,823
27,20,4268,1157,2348
27,21,1311,177,424
27,22,3086,1117,4165
27,23,377,1322,3164
27,24,4371,109,1436
27,25,829,4014,4055
27,26,3632,1327,3492
27,27,946,790,884
27,28,4170,3223,1177
27,29,1146,1275,454
27,30,677,3164,3062
27,31,3279,21,3981
27,32,2716,1652,630
27,33,357,2635,1287
27,34,1056,2081,1581
27,35,3862,4021,2958
27,36,336,2569,3765
27,37,4595,2075,2283
27,38,1327,4026,1694
27,39,2128,1177,1764
27,40,3327,4027,2186
27,41,235,4262,2847
27,42,91,2604,170
27,43,1658,275,895
27,44,4441,217,2791
27,45,1454,4605,2016
27,46,3046,2203,1590
27,47,2685,2687,522
27,48,2317,3790,3102
27,49,975,108,4182
27,50,2291,228,1608
28,1,2843,986,1214
28,2,2559,505,3504
28,3,3860,1754,84
28,4,2245,972,392
28,5,702,412,3764
28,6,638,673,1949
28,7,4348,4151,2705
28,8,290,3596,3789
28,9,4107,3202,740
28,10,4428,2777,3664
28,11,3958,4436,3662
28,12,2239,3001,1014
28,13,2804,2917,1759
28,14,3908,55,2681
28,15,3822,2564,121
28,16,2821,1325,3650
28,17,2884,1214,4335
28,18,3762,3332,2982
28,19,4181,2849,4299
28,20,4259,4037,786
28,21,801,4058,3616
28,22,2013,1005,281
28,23,4626,2440,3397
28,24,2092,4565,1395
28,25,2723,984,1318
28,26,4143,2861,3959
28,27,3536,4385,4617
28,28,1062,3851,4479
28,29,3413,3226,2480
28,30,2637,3969,3442
28,31,3291,3655,748
28,32,1834,2953,2304
28,33,2163,1721,4473
28,34,216,1368,1416
28,35,3180,1710,4135
28,36,1598,839,56
28,37,818,141,922
28,38,2469,1932,4134
28,39,3316,1024,20
28,40,2409,2540,412
28,41,1153,2129,1164
28,42,3514,441,1723
28,43,3887,4592,1312
28,44,2330,2431,1056
28,45,340,3461,3623
28,46,727,135,4458
28,47,4427,4056,4044
28,48,1346,3713,1306
28,49,3732,1869,122
28,50,3833,1524,4306
29,1,174,241,3081
29,2,3540,2210,1419
29,3,2763,2819,1925
29,4,3949,4116,4153
29,5,2818,1354,1474
29,6,75,684,4137
29,7,1113,64,269
29,8,856,4285,194
29,9,2568,3303,3418
29,10,3549,2078,2834
29,11,820,4210,2501
29,12,3748,260,2691
29,13,1458,1514,1054
29,14,3975,609,2820
29,15,2679,3414,456
29,16,3599,3806,3512
29,17,3702,27,2075
29,18,4087,4181,3682
29,19,1984,3608,1714
29,20,4585,4554,532
29,21,2510,1009,2141
29,22,3996,3676,429
29,23,1953,3002,776
29,24,3472,4380,674
29,25,3020,3990,542
29,26,1868,1996,3190
29,27,1378,2417,3566
29,28,3930,3277,3428
29,29,4457,4302,3107
29,30,3128,530,906
29,31,4016,277,4347
29,32,3041,4008,368
29,33,429,4560,1931
29,34,4323,4515,85
29,35,55,1217,2160
29,36,3791,3699,1476
29,37,3010,4326,2749
29,38,4518,3365,288
29,39,2131,2281,2771
29,40,1212,3823,2077
29,41,409,444,2882
29,42,1604,1398,3405
29,43,2851,4401,1044
29,44,747,2191,1789
29,45,2756,878,3874
29,46,2636,4343,338
29,47,1877,4498,1559
29,48,667,3688,1825
29,49,2184,2743,4070
29,50,4040,2793,2429
30,1,3946,2258,2515
30,2,1296,1694,1010
30,3,3473,2205,809
30,4,4053,1791,1276
30,5,1966,3951,3973
30,6,1608,1966,1058
30,7,4230,3945,4383
30,8,3760,1930,1922
30,9,3501,4232,641
30,10,2165,1913,1651
30,11,2464,2657,3701
30,12,3151,1171,1896
30,13,1913,3725,1391
30,14,1869,4573,1017
30,15,278,3731,3804
30,16,3778,1340,3613
30,17,1333,998,4193
30,18,1683,2439,1610
30,19,685,1622,184
30,20,901,1134,245
30,21,3178,1830,1043
30,22,1551,3565,2321
30,23,2596,1681,1453
30,24,680,2823,1993
30,25,3729,1474,3086
30,26,2683,619,2713
30,27,3505,3817,2650
30,28,2021,919,4379
30,29,2227,4441,2162
30,30,3685,1706,4568
30,31,400,3453,2571
30,32,3790,830,3482
30,33,1947,2044,46
30,34,2715,2858,4004
30,35,3936,1326,3683
30,36,1476,95,253
30,37,505,3357,3879
30,38,3206,1998,903
30,39,4188,1843,3176
30,40,1607,3131,1556
30,41,4458,512,1850
30,42,2133,172,1390
30,43,862,3695,2661
30,44,2223,2705,1666
30,45,890,1678,3333
30,46,4290,3457,2971
30,47,2237,3043,3295
30,48,1773,327,1686
30,49,2207,2312,3556
30,50,3022,3209,575
31,1,4297,37,1497
31,2,550,1279,1760
31,3,284,144,687
31,4,4509,1949,2060
31,5,2366,709,2003
31,6,1403,2839,2832
31,7,3154,758,3003
31,8,4572,3463,4354
31,9,2565,690,842
31,10,1855,470,2397
31,11,2290,3746,2415
31,12,1964,1493,2873
31,13,2526,1163,1345
31,14,3886,2050,204
31,15,1779,3938,1285
31,16,597,3320,742
31,17,3082,4460,644
31,18,3866,2875,3134
31,19,2737,1300,1264
31,20,2353,2545,2590
31,21,3783,1935,1376
31,22,190,1087,3119
31,23,3191,1011,3298
31,24,724,3641,1401
31,25,183,1252,3967
31,26,4602,2768,3657
31,27,3610,3106,2747
31,28,2613,288,1734
31,29,4039,3039,1310
31,30,1136,1324,2546
31,31,4531,316,2754
31,32,2674,1640,3021
31,33,2985,2655,74
31,34,383,4249,230
31,35,2606,97,1108
31,36,271,1166,1815
31,37,2352,33,2084
31,38,2583,1293,255
31,39,3543,1898,216
31,40,910,3291,2800
31,41,1795,1903,329
31,42,3547,2495,2364
31,43,187,425,1023
31,44,4372,2636,4159
31,45,2759,3233,4293
31,46,3594,3831,1690
31,47,3278,25,1873
31,48,1595,860,966
31,49,3933,1314,2197
31,50,1580,3212,1296
32,1,1457,99,710
32,2,4096,828,3
32,3,315,4569,4016
32,4,2307,4472,1105
32,5,3420,683,2347
32,6,3638,2602,3138
32,7,1460,1768,2433
32,8,504,592,4390
32,9,2389,4221,524
32,10,2438,122,634
32,11,175,1735,2342
32,12,3359,3949,160
32,13,1353,4044,4343
32,14,1199,3987,3733
32,15,3552,4145,509
32,16,380,1205,450
32,17,4389,893,1721
32,18,4199,4400,2463
32,19,3854,1993,3915
32,20,728,2217,1091
32,21,2901,3196,2722
32,22,1744,3698,1553
32,23,922,196,66
32,24,3624,3093,1367
32,25,2199,3397,198
32,26,3181,2194,3331
32,27,668,3249,2902
32,28,4316,910,4464
32,29,2203,2745,2944
32,30,1257,225,840
32,31,4459,1271,4529
32,32,1239,2153,588
32,33,697,721,4361
32,34,155,856,381
32,35,3260,1581,3149
32,36,4491,426,4031
32,37,4272,4075,484
32,38,2248,2731,4371
32,39,1970,2239,2954
32,40,3081,2090,3359
32,41,3688,319,2943
32,42,3705,4032,2683
32,43,4622,2150,2351
32,44,2424,336,1698
32,45,4130,1997,3539
32,46,4046,1807,2196
32,47,1547,2579,1715
32,48,4179,462,1267
32,49,4504,4364,3665
32,50,1107,69,1820
33,1,3431,2878,3064
33,2,796,1837,305
33,3,3305,759,4422
33,4,1951,1464,2919
33,5,1619,115,2286
33,6,4599,1431,1575
33,7,2654,4561,404
33,8,157,3013,1810
33,9,4409,4239,3820
33,10,1459,3873,2694
33,11,3013,620,244
33,12,1897,779,366
33,13,1202,2701,2323
33,14,3453,3534,902
33,15,1700,3672,1026
33,16,3338,732,688
33,17,1681,2840,2001
33,18,3640,4084,1359
33,19,1347,179,810
33,20,3215,2025,3560
33,21,2178,3105,3369
33,22,574,1785,935
33,23,4560,1127,3363
33,24,4076,103,3406
33,25,95,639,538
33,26,2471,2876,1906
33,27,3346,2814,1970
33,28,2979,2478,4155
33,29,2421,2675,758
33,30,3977,4551,4289
33,31,2015,267,3554
33,32,3210,2914,1823
33,33,1081,1151,1450
33,34,2563,2429,1493
33,35,3353,308,2496
33,36,2734,1615,2403
33,37,1606,3344,4069
33,38,3690,143,3553
33,39,4240,4204,4478
33,40,1023,2921,3354
33,41,169,2836,954
33,42,2618,2272,1057
33,43,2528,170,177
33,44,19,891,1753
33,45,2265,4418,19
33,46,114,916,1346
33,47,3179,4535,2727
33,48,3827,1400,2861
33,49,1839,2215,1975
33,50,3878,4308,803
34,1,830,695,4222
34,2,191,1567,221
34,3,2026,1031,2811
34,4,4546,3826,2741
34,5,2925,730,592
34,6,3926,3319,2478
34,7,165,538,2963
34,8,1400,4443,4051
34,9,4038,3293,10
34,10,462,1922,666
34,11,1427,3983,2925
34,12,498,3286,108
34,13,1157,291,3287
34,14,940,1715,3588
34,15,831,992,2156
34,16,1986,2976,3750
34,17,1850,256,3124
34,18,2233,2532,4470
34,19,1740,4617,918
34,20,3562,871,4438
34,21,3452,4312,971
34,22,1669,836,4589
34,23,3678,736,2111
34,24,1078,832,318
34,25,1269,572,2517
34,26,393,1654,2293
34,27,2321,2656,225
34,28,304,1618,3667
34,29,1729,3616,2384
34,30,197,3144,3807
34,31,3801,285,4003
34,32,367,145,3446
34,33,2304,1606,543
34,34,3023,1120,1730
34,35,3852,2816,508
34,36,1429,2568,58
34,37,1665,1639,1706
34,38,1028,3907,3498
34,39,35,2303,4079
34,40,4150,1417,385
34,41,1097,3004,4202
34,42,2177,3083,564
34,43,1787,1737,4092
34,44,2594,3122,367
34,45,34,2036,708
34,46,24,1676,1397
34,47,4283,3745,2548
34,48,1129,41,2017
34,49,3571,292,1362
34,50,4203,4166,1244
35,1,1952,735,265
35,2,999,4355,4116
35,3,2100,4258,1372
35,4,989,2476,4436
35,5,2948,2951,3404
35,6,4250,945,107
35,7,1306,2383,389
35,8,2996,4544,2817
35,9,2033,1399,3914
35,10,4401,2458,4595
35,11,933,1181,317
35,12,1035,3349,4359
35,13,2176,560,4389
35,14,18,3767,3582
35,15,309,880,2400
35,16,3070,405,271
35,17,139,4340,1499
35,18,473,3722,2558
35,19,1291,2811,3500
35,20,3203,1925,850
35,21,844,4310,2297
35,22,4228,4366,409
35,23,1565,438,3375
35,24,2272,3508,2737
35,25,1368,3326,975
35,26,1675,827,154
35,27,2151,3686,1409
35,28,1718,1361,3542
35,29,69,2810,656
35,30,3289,2606,4097
35,31,4402,2883,1841
35,32,3144,199,3756
35,33,2179,4091,1505
35,34,3819,3456,591
35,35,3671,1062,921
35,36,3613,3016,3180
35,37,1475,4135,1518
35,38,2313,3185,2486
35,39,346,2784,4311
35,40,3966,91,3905
35,41,4477,1161,735
35,42,2507,3263,3324
35,43,344,2133,186
35,44,1971,614,1382
35,45,1004,1044,1138
35,46,1514,409,3610
35,47,1314,796,772
35,48,2322,1386,3342
35,49,4606,3575,3600
35,50,2434,1070,2067
36,1,1563,1887,3844
36,2,2947,1902,561
36,3,691,1573,2254
36,4,3188,3868,2908
36,5,4088,3726,1242
36,6,1127,2931,201
36,7,3863,3935,2525
36,8,503,252,3878
36,9,2250,858,4378
36,10,1166,3784,2129
36,11,2333,2547,3092
36,12,4012,1923,3043
36,13,675,1160,1064
36,14,401,2421,3094
36,15,2904,1416,2416
36,16,2894,1540,3763
36,17,855,1884,4181
36,18,1474,4621,881
36,19,2376,2498,3383
36,20,3831,1905,2105
36,21,4137,957,700
36,22,534,569,4572
36,23,4044,818,2569
36,24,2369,1620,2252
36,25,3139,4393,2823
36,26,453,3794,972
36,27,3692,659,4132
36,28,2315,3290,4333
36,29,93,3287,2137
36,30,847,767,1462
36,31,640,3297,1173
36,32,2686,3560,3986
36,33,1853,3422,3711
36,34,2516,4095,3726
36,35,2642,4046,2893
36,36,1830,4177,4567
36,37,3258,2388,2053
36,38,1479,1972,3598
36,39,2279,1409,4477
36,40,201,970,4604
36,41,4589,2379,1197
36,42,1018,3370,626
36,43,2213,2689,1256
36,44,736,1919,2377
36,45,2630,2872,1978
36,46,2392,1155,1754
36,47,735,2652,3893
36,48,3965,2826,1055
36,49,2548,1053,2037
36,50,3197,3248,3883
37,1,779,728,386
37,2,2785,4391,2880
37,3,1588,3662,3548
37,4,3649,1576,3785
37,5,3220,740,3087
37,6,490,4199,3594
37,7,4011,1111,2531
37,8,418,3109,1616
37,9,2858,2807,3931
37,10,3541,3387,3469
37,11,1424,1614,2787
37,12,4421,1551,2639
37,13,3435,825,383
37,14,3530,3047,490
37,15,2605,1133,211
37,16,240,3643,4123
37,17,1518,2114,788
37,18,3099,4550,1351
37,19,3140,346,1853
37,20,2957,2216,3720
37,21,3225,1507,3441
37,22,3449,4566,3101
37,23,2009,1946,1099
37,24,427,2558,702
37,25,981,2083,236
37,26,1932,1611,1549
37,27,1144,3547,1239
37,28,1375,3916,1577
37,29,2292,2401,1913
37,30,2540,2978,1121
37,31,4431,1286,2520
37,32,4465,712,1454
37,33,4524,3588,552
37,34,3710,392,126
37,35,2735,3985,2229
37,36,80,848,4457
37,37,2964,1936,3058
37,38,3840,3070,2508
37,39,3955,1582,3381
37,40,3526,4513,4302
37,41,2134,1995,4201
37,42,3183,2404,4296
37,43,2112,2791,2146
37,44,1698,2339,4563
37,45,2506,991,4616
37,46,1096,1677,2622
37,47,189,4062,3475
37,48,4593,3116,182
37,49,2765,4547,808
37,50,3957,2723,1548
38,1,4217,2895,2174
38,2,3633,2566,3466
38,3,676,317,1773
38,4,4311,979,2806
38,5,522,3772,3507
38,6,2453,4456,862
38,7,3845,1683,57
38,8,3959,3853,639
38,9,3483,2261,1551
38,10,4205,3364,619
38,11,853,2268,1396
38,12,845,2818,868
38,13,1151,117,2606
38,14,3033,2232,811
38,15,1981,2936,1203
38,16,1650,738,1350
38,17,2944,2301,290
38,18,1449,4111,2469
38,19,3775,1730,1946
38,20,3963,906,2664
38,21,2129,379,433
38,22,1739,2513,3745
38,23,493,1075,987
38,24,2450,4527,2766
38,25,1101,1981,2395
38,26,3812,1042,3093
38,27,376,4519,78
38,28,770,4357,1914
38,29,614,3292,1594
38,30,305,1139,3740
38,31,836,3724,274
38,32,852,2902,4384
38,33,1426,585,2370
38,34,2332,3847,813
38,35,1074,580,2358
38,36,2263,2296,299
38,37,3564,1991,2984
38,38,1374,3535,2848
38,39,1317,1915,45
38,40,2326,663,541
38,41,96,4203,224
38,42,3211,343,1216
38,43,1138,1720,4190
38,44,874,915,3373
38,45,2908,645,3889
38,46,2937,3687,1227
38,47,358,1055,1649
38,48,4575,1356,3734
38,49,3576,126,1626
38,50,2556,434,3083
39,1,2750,1498,1248
39,2,1140,301,1658
39,3,2379,2769,2172
39,4,2164,628,2151
39,5,2790,3315,3808
39,6,846,652,1768
39,7,452,2012,1587
39,8,1067,4618,212
39,9,2219,1310,3577
39,10,293,1665,1852
39,11,2512,2207,2142
39,12,2868,3150,905
39,13,3793,1318,1802
39,14,3036,1519,2717
39,15,1676,54,2646
39,16,2261,1458,2604
39,17,2294,4606,3912
39,18,1944,3262,81
39,19,2296,2753,3017
39,20,4573,3355,4081
39,21,3919,508,104
39,22,2303,435,4215
39,23,3150,2274,4609
39,24,1670,4045,2396
39,25,4324,1470,3822
39,26,4122,561,4163
39,27,1031,1303,3666
39,28,286,2004,2068
39,29,2673,257,3335
39,30,1589,4501,679
39,31,3085,661,4223
39,32,1544,4323,2778
39,33,444,1222,825
39,34,1105,650,734
39,35,4379,708,3846
39,36,4523,3137,3351
39,37,4327,1150,1354
39,38,90,4178,248
39,39,1516,3760,215
39,40,2347,4015,2878
39,41,99,1196,1131
39,42,2941,1114,285
39,43,3062,1739,2828
39,44,1376,2492,4366
39,45,1224,3705,1516
39,46,914,4333,3896
39,47,3877,870,845
39,48,1216,2571,2603
39,49,206,233,3247
39,50,137,902,2414
40,1,422,2881,3248
40,2,492,3225,1124
40,3,32,3247,1424
40,4,1820,833,3311
40,5,2062,282,4083
40,6,2132,2797,1021
40,7,4535,4023,1509
40,8,4568,612,1598
40,9,858,2349,2135
40,10,2167,1738,4287
40,11,1657,3104,11
40,12,65,4291,3886
40,13,231,1952,102
40,14,1567,744,856
40,15,2298,102,3481
40,16,2733,1413,264
40,17,3706,1850,1432
40,18,386,206,3231
40,19,564,1204,3668
40,20,4266,966,3506
40,21,708,1149,40
40,22,943,3723,2900
40,23,3304,30,2090
40,24,3826,1610,2042
40,25,3647,1479,593
40,26,776,621,1520
40,27,1089,3036,4164
40,28,3214,4411,1398
40,29,3701,528,4227
40,30,2096,4175,3281
40,31,2743,1844,2972
40,32,3746,2079,3568
40,33,3799,2847,2629
40,34,2984,4130,4498
40,35,1548,933,4367
40,36,7,2616,2382
40,37,1709,3412,3910
40,38,456,1745,3416
40,39,2812,148,1563
40,40,3166,3908,1672
40,41,2306,4088,2273
40,42,3077,1994,2143
40,43,4325,707,567
40,44,365,1195,695
40,45,2614,2474,3606
40,46,4618,4207,1774
40,47,4555,1779,3575
40,48,4432,2470,1333
40,49,272,4042,257
40,50,1104,428,3271
41,1,4114,116,2914
41,2,1355,1190,1425
41,3,1974,3824,529
41,4,1398,3089,399
41,5,4569,391,4429
41,6,769,523,3983
41,7,773,1311,4045
41,8,2226,716,861
41,9,1878,2886,3887
41,10,1780,3914,3837
41,11,2968,3936,3474
41,12,783,2010,521
41,13,1825,4363,3590
41,14,766,4299,25
41,15,860,817,89
41,16,3320,570,4410
41,17,1322,1115,2188
41,18,1493,2794,2498
41,19,2003,2654,2082
41,20,1313,1319,319
41,21,2505,4588,332
41,22,4547,626,4216
41,23,3448,4031,3419
41,24,3004,328,627
41,25,4530,1244,3068
41,26,587,2593,3105
41,27,3519,692,7
41,28,2508,1909,1446
41,29,3773,3484,2813
41,30,2019,2094,1495
41,31,141,4397,659
41,32,2527,2808,1400
41,33,2443,1600,3172
41,34,123,1602,3681
41,35,1108,354,1042
41,36,130,2554,1634
41,37,3370,3585,362
41,38,705,4272,4086
41,39,867,3673,1421
41,40,92,2039,4326
41,41,3471,3228,2281
41,42,1184,1025,1977
41,43,3160,1392,3535
41,44,3802,3186,2088
41,45,2625,3003,503
41,46,3923,1845,2021
41,47,521,1958,4601
41,48,4564,211,951
41,49,3381,2586,2701
41,50,1262,3160,2866
42,1,1893,2350,915
42,2,236,3021,3301
42,3,2839,3098,293
42,4,3641,4039,31
42,5,540,1879,1788
42,6,4023,207,4304
42,7,227,3139,3147
42,8,1824,1835,1592
42,9,372,4579,4607
42,10,2200,774,1854
42,11,841,3782,3257
42,12,476,3788,3110
42,13,3403,4404,3116
42,14,2115,2983,2561
42,15,3798,2131,901
42,16,613,1403,2385
42,17,828,981,3210
42,18,252,3323,1582
42,19,459,4253,1260
42,20,319,1296,307
42,21,3617,2864,4474
42,22,2691,4296,694
42,23,4073,2356,4297
42,24,1013,3075,2349
42,25,894,877,2968
42,26,1928,678,4561
42,27,3101,2106,3561
42,28,1530,244,227
42,29,1863,3273,4094
42,30,627,1689,247
42,31,1958,1036,675
42,32,547,48,1496
42,33,3507,1463,1889
42,34,904,999,1827
42,35,3373,2660,583
42,36,2121,3947,941
42,37,4414,2412,4133
42,38,4321,3483,606
42,39,2395,1047,1477
42,40,2118,4449,382
42,41,2717,2280,301
42,42,1256,2757,310
42,43,1906,388,3709
42,44,484,522,1355
42,45,254,4106,2716
42,46,2893,4273,663
42,47,1472,1145,3945
42,48,4304,3684,3584
42,49,46,1401,2609
42,50,1236,675,1860
43,1,2799,3651,54
43,2,3608,3814,2325
43,3,3537,1707,1202
43,4,964,3094,718
43,5,3565,15,3438
43,6,1068,2667,4364
43,7,27,2561,1564
43,8,2621,536,261
43,9,1325,3702,1888
43,10,2159,2432,59
43,11,575,2310,993
43,12,4310,1907,4096
43,13,390,3372,4269
43,14,3021,2264,2804
43,15,4587,2247,572
43,16,3044,681,1494
43,17,2631,521,2620
43,18,4395,2659,1794
43,19,1660,3742,1600
43,20,718,1329,147
43,21,791,2113,3855
43,22,3318,2302,536
43,23,1380,2381,4578
43,24,4420,2805,3283
43,25,2485,1591,3503
43,26,1053,142,771
43,27,1879,4603,3304
43,28,2264,851,4562
43,29,4195,3470,473
43,30,461,2712,4139
43,31,789,4248,2978
43,32,4496,2065,1212
43,33,1917,429,98
43,34,2293,3063,3508
43,35,549,1596,3423
43,36,3695,2629,645
43,37,1861,2026,4350
43,38,1165,2035,1148
43,39,1372,4394,4241
43,40,439,201,2328
43,41,2205,3520,1036
43,42,37,1983,3569
43,43,153,2971,2140
43,44,2929,3170,348
43,45,763,4170,2056
43,46,3645,3514,2899
43,47,3470,1945,4117
43,48,148,4583,3262
43,49,720,3423,1552
43,50,1711,451,2340
44,1,2587,464,2335
44,2,3263,1787,3484
44,3,3418,2541,4547
44,4,366,4169,1101
44,5,242,3037,4538
44,6,2475,3316,4377
44,7,2539,1274,3005
44,8,1176,2326,3150
44,9,4054,3829,4146
44,10,4352,2517,2019
44,11,4238,1648,3261
44,12,1666,3310,668
44,13,646,4279,4329
44,14,4463,1050,2728
44,15,3037,1086,1782
44,16,3451,1736,3532
44,17,4109,3214,4620
44,18,4103,3630,3067
44,19,3621,1904,892
44,20,4559,2827,1112
44,21,3001,2672,1952
44,22,953,3663,4546
44,23,3309,4601,1756
44,24,2316,623,1434
44,25,993,2177,2826
44,26,3596,959,2102
44,27,447,2093,629
44,28,4579,507,18
44,29,1112,3171,755
44,30,1110,2766,4518
44,31,4571,715,3782
44,32,4469,711,4053
44,33,1962,3084,741
44,34,1050,651,621
44,35,3383,2403,2134
44,36,1418,3846,3596
44,37,3629,3371,858
44,38,2634,384,2230
44,39,4453,1193,2207
44,40,4220,537,1231
44,41,2891,3331,4244
44,42,2982,2511,1699
44,43,3997,3743,356
44,44,4382,3151,756
44,45,4067,3554,3002
44,46,3065,2419,371
44,47,1120,1176,714
44,48,1428,1828,900
44,49,1965,4167,1295
44,50,3508,1281,4300
45,1,2002,1584,2653
45,2,2221,2134,2555
45,3,1183,541,1670
45,4,1219,2851,3821
45,5,921,1906,2153
45,6,3544,445,1557
45,7,3942,2128,173
45,8,1009,421,3604
45,9,787,3489,3586
45,10,2364,2670,2250
45,11,1082,270,210
45,12,1451,2677,4499
45,13,1402,2143,3208
45,14,2183,3101,4073
45,15,3414,3218,2721
45,16,709,454,4490
45,17,1285,487,980
45,18,2739,4548,3251
45,19,4533,3989,4506
45,20,4147,3119,3479
45,21,3672,2371,340
45,22,849,3822,3528
45,23,2124,2236,200
45,24,565,3284,584
45,25,255,3619,1732
45,26,3281,2477,3803
45,27,3324,1619,2220
45,28,1680,2413,3567
45,29,2384,1333,791
45,30,1691,3679,4217
45,31,620,3040,2889
45,32,1715,3469,1767
45,33,1284,2009,934
45,34,4113,1030,358
45,35,2657,1254,1580
45,36,781,4201,3761
45,37,4029,1225,1348
45,38,129,2665,4141
45,39,992,2733,27
45,40,605,4229,2047
45,41,4309,676,3899
45,42,2147,1495,2635
45,43,698,2570,4232
45,44,1967,3968,2216
45,45,3066,2838,3347
45,46,932,2275,493
45,47,1087,3860,1417
45,48,1943,3163,1299
45,49,2885,1164,401
45,50,1260,498,2755
46,1,2380,1753,3178
46,2,448,857,2853
46,3,1356,3318,3562
46,4,1508,2451,3947
46,5,68,3430,2436
46,6,1945,1046,4061
46,7,1227,458,2890
46,8,4623,3072,4615
46,9,2180,3928,885
46,10,2087,1889,801
46,11,2077,2832,3409
46,12,3932,2645,1990
46,13,3400,1934,4414
46,14,1609,689,1320
46,15,665,613,2265
46,16,4269,1103,871
46,17,2536,1653,2029
46,18,3265,1790,2632
46,19,2950,1388,3522
46,20,3723,3274,1996
46,21,4178,1920,3499
46,22,2127,4183,1038
46,23,1940,1499,515
46,24,2932,2587,1365
46,25,4366,1043,1780
46,26,4486,1751,4400
46,27,2302,3056,3746
46,28,3673,3694,2724
46,29,2048,4237,1082
46,30,1644,4511,1877
46,31,2085,963,3791
46,32,3393,1973,1480
46,33,3490,773,2167
46,34,1497,2058,1343
46,35,2554,1097,4249
46,36,1528,3768,1595
46,37,1613,264,3403
46,38,3387,776,3813
46,39,527,2884,4553
46,40,486,2642,3362
46,41,3237,3466,3742
46,42,2462,2755,3322
46,43,1844,882,4057
46,44,2065,3495,1100
46,45,4256,2471,3929
46,46,3138,223,4084
46,47,3709,2406,1136
46,48,3832,1508,540
46,49,1484,3769,2732
46,50,797,4341,578
47,1,209,3011,4157
47,2,2913,1377,4489
47,3,4255,4020,1263
47,4,3797,2521,3020
47,5,1651,1468,3494
47,6,3302,1862,2219
47,7,3297,1316,1176
47,8,548,159,4398
47,9,1765,1235,3063
47,10,440,3140,3744
47,11,4276,1482,1113
47,12,2198,218,1679
47,13,4538,2244,3530
47,14,3669,1948,2078
47,15,2027,4289,4204
47,16,1152,1970,2124
47,17,2836,2729,472
47,18,199,545,2763
47,19,2623,3194,3976
47,20,3014,1402,1999
47,21,3422,4467,4394
47,22,4201,4288,927
47,23,3119,3634,1874
47,24,1610,4257,3048
47,25,368,243,1637
47,26,4513,4331,1863
47,27,2847,791,1531
47,28,2972,440,2543
47,29,2042,3610,436
47,30,1912,3374,3459
47,31,2108,3455,79
47,32,2040,341,3996
47,33,652,4457,1671
47,34,3219,3582,2044
47,35,2359,2697,3055
47,36,1341,1153,3924
47,37,654,314,223
47,38,3794,1246,3339
47,39,1712,3528,1864
47,40,1573,1223,1069
47,41,1188,3729,816
47,42,3209,1527,1813
47,43,396,1284,618
47,44,577,3354,601
47,45,1015,3832,2730
47,46,1841,3112,2816
47,47,3034,3167,4611
47,48,501,3644,402
47,49,1910,2648,68
47,50,2629,1187,4356
48,1,2936,3381,4195
48,2,434,2337,4228
48,3,4035,2322,1965
48,4,2109,2594,4166
48,5,3234,4359,846
48,6,535,1407,681
48,7,3102,1974,162
48,8,1414,3134,1937
48,9,4601,2319,1052
48,10,3096,2859,2445
48,11,3213,340,311
48,12,1393,780,2491
48,13,835,4604,4059
48,14,1902,258,570
48,15,3535,1662,836
48,16,1702,3800,3111
48,17,1800,2145,1228
48,18,3405,3198,3794
48,19,3078,2287,3953
48,20,298,589,4090
48,21,3103,3617,1412
48,22,1218,2894,2976
48,23,2845,2188,4168
48,24,1003,2034,1380
48,25,1978,646,199
48,26,3269,1337,4129
48,27,1186,4224,2101
48,28,2541,118,1294
48,29,2039,1826,2917
48,30,124,765,3296
48,31,2620,3865,3847
48,32,2343,3159,3007
48,33,863,2360,4487
48,34,1084,1188,42
48,35,2362,3045,2748
48,36,2971,3941,4600
48,37,3761,249,1081
48,38,116,3367,1022
48,39,2838,636,3558
48,40,4319,1230,3486
48,41,4084,564,2985
48,42,4478,492,4242
48,43,2738,4252,3818
48,44,2378,968,1688
48,45,690,1795,73
48,46,2058,2965,3326
48,47,2768,1433,3948
48,48,3474,4572,1278
48,49,2862,1813,664
48,50,512,2500,331
49,1,3960,2828,2308
49,2,3592,16,3829
49,3,804,2923,1950
49,4,3374,2710,395
49,5,2545,149,1237
49,6,2794,1865,209
49,7,3668,3537,961
49,8,1417,1067,3641
49,9,923,4284,3488
49,10,1321,2824,3624
49,11,3988,2815,3669
49,12,674,3238,1352
49,13,3704,2696,3127
49,14,2886,4156,377
49,15,2122,1437,2388
49,16,508,3383,550
49,17,4246,2597,1574
49,18,2781,697,2231
49,19,1772,2040,2223
49,20,2977,2459,4178
49,21,745,1725,2485
49,22,2407,278,369
49,23,3111,3778,2905
49,24,525,2202,1430
49,25,1411,3544,1154
49,26,2119,321,1305
49,27,1908,2321,2490
49,28,1843,40,1204
49,29,2470,2071,3495
49,30,1298,229,3244
49,31,513,3172,3194
49,32,3404,3384,3529
49,33,3722,2778,863
49,34,1677,361,3467
49,35,3412,3887,3088
49,36,2153,2537,3140
49,37,4600,2377,3679
49,38,3135,2407,1229
49,39,4280,3177,116
49,40,2800,3091,4516
49,41,353,2628,4099
49,42,531,411,262
49,43,2259,3833,1744
49,44,1914,3884,1034
49,45,3884,988,3940
49,46,2344,3876,3925
49,47,2610,300,4187
49,48,3842,4246,172
49,49,3195,4271,950
49,50,4117,2898,852
50,1,969,798,1307
50,2,2663,1341,3009
50,3,823,1651,4581
50,4,3601,3897,2343
50,5,3167,167,3125
50,6,2083,2361,3450
50,7,1480,334,2413
50,8,3175,1112,3609
50,9,4479,2612,1147
50,10,1228,946,2361
50,11,1189,151,2829
50,12,2220,3494,3643
50,13,2252,3237,3698
50,14,265,2460,2685
50,15,1423,4266,2398
50,16,1309,1216,2903
50,17,359,2294,2337
50,18,1823,2410,4230
50,19,707,3246,93
50,20,2853,2348,3725
50,21,3525,516,1317
50,22,3256,1092,3132
50,23,502,3735,327
50,24,4342,2165,1617
50,25,2011,2342,1251
50,26,1169,495,2649
50,27,878,1603,2612
50,28,1827,3211,1180
50,29,1066,643,2892
50,30,4349,2336,2699
50,31,4448,1309,2929
50,32,3075,1959,3270
50,33,1585,3964,460
50,34,2120,726,501
50,35,4284,1531,733
50,36,762,852,2845
50,37,106,3835,3141
50,38,3585,4358,2295
50,39,4584,3451,1916
50,40,3048,376,451
50,41,1287,2415,2648
50,42,3328,3906,2527
50,43,4410,1491,4008
50,44,2168,3570,2262
50,45,2667,4447,3187
50,46,4204,2016,1413
50,47,2848,4475,2711
50,48,4385,699,2723
50,49,1523,1583,3850
50,50,3253,3998,2837
51,1,3480,4419,1897
51,2,628,1362,360
51,3,2832,304,2532
51,4,132,1700,1868
51,5,2323,2993,1337
51,6,3522,4444,4252
51,7,3974,2596,4530
51,8,1500,3658,1134
51,9,966,2077,3776
51,10,275,3932,2964
51,11,3502,2515,75
51,12,142,3718,384
51,13,3916,2392,2836
51,14,2488,3267,4612
51,15,4561,3135,3872
51,16,3148,43,2666
51,17,655,22,3050
51,18,2101,1666,2426
51,19,1488,2140,1111
51,20,1663,3762,1959
51,21,3756,4546,4485
51,22,234,1473,2557
51,23,3627,3120,2966
51,24,1781,731,2802
51,25,2624,2911,622
51,26,1444,1428,3942
51,27,4031,1776,1330
51,28,1831,1213,2424
51,29,1439,2742,1927
51,30,1818,700,792
51,31,682,1344,4334
51,32,1745,553,3256
51,33,2791,1099,438
51,34,4258,3429,2212
51,35,3871,1110,3001
51,36,1210,3442,1535
51,37,3491,4344,719
51,38,327,4516,202
51,39,2699,3142,729
51,40,3653,164,3142
51,41,1203,1968,1116
51,42,2234,2352,1031
51,43,739,147,1004
51,44,2887,2063,1724
51,45,3006,3505,2408
51,46,3427,2977,3913
51,47,1738,2678,3044
51,48,338,799,4585
51,49,4161,2018,1680
51,50,2126,4303,3515
52,1,3551,4538,2497
52,2,2956,1770,151
52,3,4271,965,3012
52,4,4190,1717,989
52,5,4391,4372,2868
52,6,2795,78,750
52,7,2867,742,4418
52,8,1638,1988,1870
52,9,1789,3615,3159
52,10,1507,2853,3648
52,11,3707,2605,3285
52,12,3769,556,1195
52,13,3554,3019,2193
52,14,2644,563,2199
52,15,3661,2900,2932
52,16,1171,4218,481
52,17,3910,1426,4
52,18,149,4059,2079
52,19,1037,1585,1861
52,20,4047,4581,2509
52,21,2224,4152,3812
52,22,4186,748,4043
52,23,2111,2304,3455
52,24,2783,2284,2412
52,25,3865,1667,474
52,26,171,2299,2876
52,27,3731,1642,2867
52,28,179,416,910
52,29,825,904,316
52,30,4123,2115,2366
52,31,4300,1894,2161
52,32,1874,1669,1519
52,33,3597,3532,3595
52,34,4446,2720,2587
52,35,746,1627,1129
52,36,3818,3377,2259
52,37,3937,2411,3387
52,38,3428,1631,336
52,39,4000,1066,2315
52,40,2236,2522,4035
52,41,3362,3858,1543
52,42,181,2246,2924
52,43,546,4112,3635
52,44,4225,3703,4454
52,45,2383,2430,1668
52,46,3333,1389,1601
52,47,3349,2929,1132
52,48,987,408,1606
52,49,1412,189,2091
52,50,276,2166,4088
53,1,4243,1722,1869
53,2,66,948,999
53,3,1038,4390,187
53,4,1529,782,4040
53,5,1584,2056,195
53,6,3973,3943,4614
53,7,3545,615,3680
53,8,3657,627,3192
53,9,1599,1792,587
53,10,4052,3221,3863
53,11,2269,4539,1441
53,12,2748,182,2913
53,13,2857,1283,680
53,14,2228,4370,835
53,15,3169,1017,284
53,16,277,3901,843
53,17,1477,2874,146
53,18,2144,532,1765
53,19,3909,105,4586
53,20,4614,958,1895
53,21,1706,3827,3183
53,22,2337,0,3693
53,23,985,3428,1656
53,24,1445,2912,2311
53,25,2518,4311,1521
53,26,6,3955,711
53,27,3578,3818,2363
53,28,1193,3152,897
53,29,588,3862,599
53,30,990,3971,1994
53,31,2355,4275,4042
53,32,2110,4576,2835
53,33,2588,3478,1571
53,34,67,739,2010
53,35,2195,630,2390
53,36,3849,3149,4203
53,37,2047,1444,1107
53,38,2980,1098,2595
53,39,4445,1644,3777
53,40,1872,1376,1068
53,41,2551,586,3115
53,42,3399,3523,2554
53,43,3012,4082,3394
53,44,976,2226,2785
53,45,195,3521,4346
53,46,4378,2725,1707
53,47,1233,1849,3033
53,48,973,2362,4544
53,49,3644,323,3971
53,50,455,2305,2214
54,1,1733,3770,4510
54,2,2161,4146,847
54,3,3598,1001,1039
54,4,2247,2064,933
54,5,612,2306,3743
54,6,883,2758,1940
54,7,2890,2073,1936
54,8,77,2472,1410
54,9,324,2986,2106
54,10,21,1637,3792
54,11,2520,2424,278
54,12,1837,2480,3702
54,13,2720,3839,965
54,14,4252,754,2296
54,15,1935,2937,789
54,16,2849,3540,1309
54,17,156,279,77
54,18,3290,12,1366
54,19,598,146,1805
54,20,1373,1505,88
54,21,4064,3775,67
54,22,4540,1777,3303
54,23,1305,1834,1879
54,24,115,1848,1711
54,25,919,1263,3400
54,26,3439,4087,428
54,27,2995,4051,3042
54,28,3510,1183,1090
54,29,965,4115,4273
54,30,1531,303,525
54,31,2056,1125,3275
54,32,1623,4490,3240
54,33,218,4198,643
54,34,3243,2427,1183
54,35,109,843,1989
54,36,4148,4531,2083
54,37,1847,58,2114
54,38,909,3709,1403
54,39,3016,1212,3221
54,40,4613,2195,4118
54,41,603,4502,2046
54,42,3162,2164,1485
54,43,4196,3512,449
54,44,1117,629,4382
54,45,4368,3382,3614
54,46,343,1559,514
54,47,2726,4200,2144
54,48,4125,1840,3234
54,49,2113,1496,483
54,50,3824,9,577
55,1,4149,3398,774
55,2,1520,1227,821
55,3,1968,4416,3917
55,4,2626,2341,2107
55,5,4068,2182,2051
55,6,3396,3682,4403
55,7,4476,1897,4465
55,8,2476,874,4412
55,9,817,4329,1269
55,10,663,1939,657
55,11,1714,2920,3951
55,12,2160,1253,289
55,13,4514,4345,3422
55,14,1564,2223,3518
55,15,1154,1781,1801
55,16,2854,3894,3399
55,17,3817,3005,676
55,18,4386,2017,2821
55,19,1506,3852,3476
55,20,2898,3776,235
55,21,1921,3066,2950
55,22,1267,3224,1824
55,23,979,4368,1028
55,24,3837,3156,2805
55,25,958,3459,3429
55,26,2877,4179,763
55,27,1167,4003,2148
55,28,4260,2588,413
55,29,1819,2130,3524
55,30,972,2862,4098
55,31,1492,3280,978
55,32,3071,1831,4276
55,33,3517,1302,1443
55,34,4168,1033,3258
55,35,678,1593,800
55,36,3917,4600,834
55,37,740,3577,2634
55,38,664,4464,143
55,39,631,374,2128
55,40,1543,357,2927
55,41,3123,737,65
55,42,3606,287,495
55,43,2923,3020,2189
55,44,1379,2979,1673
55,45,2992,1202,2739
55,46,3250,787,1635
55,47,4454,1621,2672
55,48,2210,2730,3213
55,49,4094,3393,461
55,50,4403,3368,3651
56,1,3384,456,3686
56,2,316,2169,752
56,3,4339,911,2443
56,4,4335,2771,4314
56,5,927,3450,207
56,6,786,2955,4206
56,7,1991,2611,2916
56,8,1399,2982,667
56,9,877,186,2772
56,10,4565,1977,785
56,11,3029,942,134
56,12,3229,1928,530
56,13,74,3208,470
56,14,2920,831,2712
56,15,2082,1138,1997
56,16,1734,2307,1604
56,17,3252,1435,2703
56,18,2822,3561,1865
56,19,382,3992,38
56,20,2156,461,4177
56,21,3938,3243,3317
56,22,523,1892,1534
56,23,3196,2262,2268
56,24,3149,345,995
56,25,1542,2331,1098
56,26,2289,800,1047
56,27,4383,1447,442
56,28,3002,3541,3710
56,29,3713,3937,3932
56,30,528,3210,1924
56,31,1605,1450,3226
56,32,4247,2318,615
56,33,2687,1552,1880
56,34,2909,1466,466
56,35,1432,1926,303
56,36,579,2068,4283
56,37,4532,1313,4577
56,38,2386,2996,1855
56,39,333,598,1157
56,40,3654,4025,2844
56,41,615,3046,1659
56,42,2468,3950,3082
56,43,4506,4412,3135
56,44,1032,1131,3862
56,45,1163,3117,4330
56,46,1583,4575,3008
56,47,2778,4034,2676
56,48,3792,3717,677
56,49,387,3427,3118
56,50,3074,2595,4292
57,1,4267,907,3278
57,2,1370,2932,3955
57,3,2651,1876,2934
57,4,4548,2141,1185
57,5,3173,1933,3171
57,6,2448,3351,4486
57,7,2780,2952,2729
57,8,1385,1626,1742
57,9,1674,4320,3361
57,10,1586,2384,2774
57,11,3546,479,1800
57,12,1527,2714,3177
57,13,1490,1975,4149
57,14,650,2248,23
57,15,4262,1616,1700
57,16,2141,2394,1739
57,17,2912,2906,4130
57,18,4553,471,4515
57,19,3697,1449,3454
57,20,1014,1852,844
57,21,4121,2447,4621
57,22,706,3982,3308
57,23,2646,607,556
57,24,2066,764,2759
57,25,345,2801,63
57,26,1406,2263,2331
57,27,423,4349,4172
57,28,3752,3518,3510
57,29,253,4410,942
57,30,4406,4585,3144
57,31,2053,1169,1037
57,32,1948,1914,4036
57,33,4329,3111,3907
57,34,1316,4282,1905
57,35,771,648,1411
57,36,4060,1021,3288
57,37,2341,373,2018
57,38,1842,1851,2139
57,39,3992,3750,1980
57,40,3484,1121,1018
57,41,2377,547,178
57,42,1895,3758,4507
57,43,1574,3903,1402
57,44,2076,2309,2276
57,45,2433,3808,196
57,46,3156,3406,2425
57,47,3301,4432,3754
57,48,2640,3857,26
57,49,314,3812,1277
57,50,1175,1185,4417
58,1,4037,3306,3046
58,2,233,1506,3523
58,3,154,1716,4078
58,4,3159,3148,3908
58,5,4093,1369,1322
58,6,1271,1494,1184
58,7,4166,596,240
58,8,4462,2390,822
58,9,3875,1580,568
58,10,230,2913,3490
58,11,4214,3728,1770
58,12,1125,4193,2312
58,13,1240,845,4402
58,14,2586,2590,180
58,15,3666,2649,2907
58,16,4142,3715,345
58,17,279,387,3625
58,18,1801,3701,3152
58,19,618,271,479
58,20,1294,1232,2170
58,21,4006,1276,1695
58,22,4302,792,2707
58,23,2558,2488,964
58,24,3366,1397,3870
58,25,2633,1969,3965
58,26,3993,3900,2974
58,27,2789,1048,2474
58,28,1838,484,1254
58,29,3340,3863,3916
58,30,2309,3510,1161
58,31,1900,1090,414
58,32,2023,1037,2336
58,33,2572,1882,1972
58,34,725,2242,1456
58,35,4104,2267,1638
58,36,2684,3509,817
58,37,3968,4230,2054
58,38,2467,2506,4095
58,39,710,3188,723
58,40,808,1173,3398
58,41,1048,3363,2667
58,42,599,4099,3165
58,43,421,3180,3198
58,44,3343,1940,208
58,45,4115,1664,4316
58,46,2643,3268,53
58,47,1438,4103,3029
58,48,1431,1931,498
58,49,4429,2076,48
58,50,2088,3193,3464
59,1,3122,2897,2009
59,2,3810,962,440
59,3,3018,1307,4387
59,4,2090,1673,2177
59,5,312,4236,3790
59,6,688,3680,2733
59,7,1364,3236,3868
59,8,3157,1579,1163
59,9,4194,927,2038
59,10,1270,2535,1725
59,11,3379,2775,2740
59,12,322,4452,2884
59,13,2146,2589,1186
59,14,3642,665,1702
59,15,2412,2739,183
59,16,3953,3350,341
59,17,4153,2462,998
59,18,433,2053,4397
59,19,1788,2817,2762
59,20,3636,2230,4452
59,21,3163,2423,4205
59,22,2824,2916,4151
59,23,1884,32,1602
59,24,2531,1812,4482
59,25,703,1373,2421
59,26,1330,1088,3143
59,27,85,3342,3153
59,28,1659,4577,2514
59,29,3314,3720,2678
59,30,2960,3993,877
59,31,1710,2159,297
59,32,2622,2418,2450
59,33,2906,3012,1030
59,34,3890,2618,4338
59,35,2348,1022,1709
59,36,1758,3281,1110
59,37,4019,2854,2852
59,38,1282,4462,406
59,39,318,4508,2790
59,40,3970,3335,2607
59,41,4490,3604,2576
59,42,1786,63,1361
59,43,173,595,4189
59,44,1626,3648,1032
59,45,4295,1731,4038
59,46,4277,3035,1728
59,47,3934,2461,1740
59,48,2288,2265,2341
59,49,3700,493,4501
59,50,3365,1510,4504
60,1,2882,2567,4029
60,2,2181,2032,2988
60,3,4232,1418,1710
60,4,529,4350,3721
60,5,3331,1803,2204
60,6,4596,1960,4150
60,7,2037,917,4491
60,8,4475,375,2909
60,9,491,750,662
60,10,3277,3883,992
60,11,1185,939,1570
60,12,1046,402,2069
60,13,562,76,97
60,14,865,2054,2145
60,15,1234,694,1652
60,16,4594,4254,1155
60,17,31,3973,828
60,18,224,954,2430
60,19,2454,4413,1645
60,20,1618,679,3901
60,21,903,680,4295
60,22,4516,3042,2458
60,23,1263,3230,304
60,24,4305,200,3966
60,25,2158,214,3371
60,26,1993,4406,1979
60,27,2429,452,233
60,28,4419,469,3327
60,29,2777,4595,705
60,30,1160,2943,1712
60,31,454,3264,2640
60,32,1760,4537,2271
60,33,3534,485,1633
60,34,466,2734,3642
60,35,2098,1094,4250
60,36,882,2676,3825
60,37,1118,2698,1241
60,38,1696,3621,2063
60,39,3612,1404,1006
60,40,3676,4070,457
60,41,1989,3958,3038
60,42,1736,3215,974
60,43,2711,406,4167
60,44,1814,2355,487
60,45,1114,821,799
60,46,334,3300,3430
60,47,2760,4048,1061
60,48,4275,3848,3573
60,49,2530,582,2769
60,50,3009,755,1964
61,1,637,2222,2024
61,2,215,599,4266
61,3,347,1452,605
61,4,2442,2033,1508
61,5,4192,2092,1567
61,6,4442,1290,469
61,7,2955,2680,625
61,8,1276,2408,486
61,9,1515,924,887
61,10,644,1561,2217
61,11,1396,79,193
61,12,3120,2822,3806
61,13,1719,3110,4256
61,14,1540,1128,1973
61,15,881,3095,1170
61,16,4338,390,3209
61,17,3216,1814,790
61,18,125,4426,3780
61,19,3129,231,2330
61,20,4449,3295,4025
61,21,3558,247,148
61,22,3807,2699,2682
61,23,2692,2825,1731
61,24,2319,571,1273
61,25,4229,3956,2851
61,26,3664,4186,1976
61,27,25,766,3241
61,28,1437,1873,3106
61,29,1391,2366,2536
61,30,3344,2997,3903
61,31,4433,3631,2936
61,32,3823,474,4200
61,33,738,2295,4551
61,34,3586,4100,642
61,35,1095,778,4391
61,36,2840,3060,909
61,37,2694,3529,1437
61,38,2494,4512,4014
61,39,107,2622,4599
61,40,2280,150,1199
61,41,2632,3668,2176
61,42,3283,3191,1614
61,43,2513,3516,754
61,44,2546,837,1532
61,45,2297,202,1427
61,46,1757,1170,860
61,47,926,2795,2506
61,48,3821,3556,3717
61,49,1141,2555,3928
61,50,4387,1224,3923
62,1,1505,753,123
62,2,3079,2973,673
62,3,1434,1439,2818
62,4,3363,2722,2369
62,5,4065,309,3377
62,6,1975,2209,3547
62,7,4254,2364,2168
62,8,633,3073,647
62,9,4498,3962,2020
62,10,2078,1289,4381
62,11,2367,795,1257
62,12,424,190,3337
62,13,4167,1789,911
62,14,1279,2626,3411
62,15,3998,873,2793
62,16,3581,2438,3800
62,17,3814,4060,1982
62,18,2953,2759,3979
62,19,1732,3653,4358
62,20,2725,1546,3267
62,21,1448,463,4437
62,22,3518,3245,1771
62,23,3218,3173,161
62,24,4155,1511,1917
62,25,3648,2148,2643
62,26,3076,840,2743
62,27,2300,2959,3622
62,28,2402,1065,435
62,29,245,2308,1459
62,30,4603,2748,2393
62,31,3189,344,1286
62,32,1526,259,4074
62,33,3026,3244,4046
62,34,3049,579,560
62,35,395,3410,2953
62,36,1768,1476,3674
62,37,4461,3097,3212
62,38,349,2088,4010
62,39,3658,3029,351
62,40,274,4073,2466
62,41,1942,3301,4608
62,42,2813,2709,2099
62,43,625,2138,2657
62,44,1533,2643,2300
62,45,4291,3408,830
62,46,2724,2747,4536
62,47,3615,1896,2901
62,48,1748,3566,1086
62,49,1280,2483,504
62,50,389,2224,1458
63,1,4567,3088,14
63,2,1703,1371,3000
63,3,1633,1597,1335
63,4,1857,1135,24
63,5,1388,2283,1225
63,6,4124,3325,3505
63,7,935,573,2245
63,8,1849,2347,1218
63,9,1761,4435,4468
63,10,880,691,3103
63,11,3354,1629,3992
63,12,2258,1113,2439
63,13,2666,4214,4005
63,14,4033,1348,3935
63,15,4045,1382,1787
63,16,2874,96,3958
63,17,3228,2598,3338
63,18,1762,3603,4262
63,19,2479,4375,563
63,20,2070,224,2843
63,21,3254,4274,3316
63,22,4185,2042,2570
63,23,2173,3558,2690
63,24,4116,4196,3626
63,25,3287,4534,480
63,26,3928,3881,3039
63,27,2916,1002,51
63,28,2246,197,1222
63,29,3663,3779,1831
63,30,2593,1594,3129
63,31,2557,3791,3897
63,32,1126,3138,1942
63,33,516,1259,2194
63,34,269,4365,812
63,35,607,677,2096
63,36,2491,3058,2535
63,37,1319,2600,1500
63,38,330,3069,2980
63,39,301,1590,2154
63,40,3232,3481,888
63,41,2917,3299,3352
63,42,2008,2315,475
63,43,4024,3353,2736
63,44,2810,1159,3272
63,45,4340,1004,3480
63,46,1645,746,4469
63,47,4482,741,1
63,48,249,2703,2738
63,49,4057,3126,4085
63,50,2635,2975,3724
64,1,4550,1481,969
64,2,4001,2963,3227
64,3,2135,3366,2306
64,4,2698,46,1332
64,5,2978,3302,1226
64,6,177,1035,218
64,7,4483,1460,2652
64,8,3891,240,2799
64,9,2063,3103,3739
64,10,1851,1550,4557
64,11,446,4420,1835
64,12,2431,2870,1308
64,13,2102,175,2427
64,14,1482,1883,1775
64,15,1836,1823,3969
64,16,3900,4425,2709
64,17,4616,3805,2050
64,18,3054,2966,1000
64,19,4370,19,1083
64,20,3494,3407,2788
64,21,1724,3625,3796
64,22,3038,1434,698
64,23,519,4162,4524
64,24,214,2178,1776
64,25,1086,1698,2597
64,26,713,1724,635
64,27,4328,4168,1766
64,28,1326,2109,907
64,29,2411,2228,3151
64,30,974,2868,3941
64,31,1467,2257,4408
64,32,60,2020,661
64,33,539,3975,728
64,34,3687,80,2035
64,35,2707,161,3672
64,36,450,4245,4496
64,37,714,2948,3470
64,38,3357,3068,1102
64,39,3249,2398,1019
64,40,532,1950,3988
64,41,3566,1395,4011
64,42,1135,1305,4239
64,43,11,693,3985
64,44,3788,2841,117
64,45,604,3553,1392
64,46,3171,2787,2269
64,47,3476,1888,3546
64,48,954,2288,4419
64,49,884,1927,962
64,50,4580,633,600
65,1,4326,3869,1629
65,2,2270,3733,3572
65,3,3134,2504,411
65,4,4063,1265,3186
65,5,840,2549,1960
65,6,2312,1976,250
65,7,515,3229,408
65,8,997,3503,837
65,9,1366,4483,2110
65,10,207,975,3040
65,11,87,2918,3031
65,12,2445,4321,1281
65,13,4611,4160,2209
65,14,2628,4319,1080
65,15,3925,1332,1077
65,16,2714,3872,12
65,17,4576,423,3427
65,18,3315,3660,1171
65,19,500,4335,2641
65,20,777,4417,3350
65,21,1130,208,3762
65,22,1630,3200,780
65,23,248,1349,4569
65,24,4274,3324,1444
65,25,2641,3048,2610
65,26,3726,1287,4380
65,27,1504,2728,197
65,28,4317,719,1618
65,29,3768,3467,928
65,30,1485,815,4537
65,31,967,3378,1063
65,32,1821,2788,3410
65,33,1816,604,1806
65,34,889,820,4225
65,35,3987,2168,3677
65,36,3397,3740,1597
65,37,134,3195,3315
65,38,3920,3931,2912
65,39,4330,4446,1388
65,40,2521,2783,1507
65,41,2004,4590,3273
65,42,405,3526,3658
65,43,2682,922,4525
65,44,3553,3108,4451
65,45,3487,1485,17
65,46,2976,1167,3545
65,47,3040,1247,379
65,48,2405,575,597
65,49,4563,4155,3848
65,50,2212,3129,420
66,1,2852,597,2410
66,2,3043,1085,1579
66,3,2746,4523,633
66,4,1519,4067,1490
66,5,3873,2024,2305
66,6,1591,371,3799
66,7,555,2695,1439
66,8,2201,2475,4285
66,9,3463,3611,3759
66,10,398,1599,3712
66,11,475,3007,3349
66,12,2017,4123,3458
66,13,1246,3801,3944
66,14,152,23,2233
66,15,185,2179,949
66,16,572,581,4483
66,17,477,4022,528
66,18,3655,4195,4625
66,19,2659,276,1784
66,20,3971,3145,1172
66,21,2871,31,298
66,22,1901,1174,4597
66,23,2602,4268,3670
66,24,258,1457,1137
66,25,3724,1256,2551
66,26,906,1671,3421
66,27,2498,2444,2386
66,28,1343,2869,4024
66,29,2299,3392,3483
66,30,2537,3155,3219
66,31,102,2369,4332
66,32,1931,2774,417
66,33,957,4049,4015
66,34,2764,330,1929
66,35,4423,4317,1751
66,36,1521,1953,3364
66,37,2615,3057,3249
66,38,1560,3394,1073
66,39,2394,3009,4219
66,40,1073,1288,2981
66,41,3677,3828,731
66,42,3712,1490,287
66,43,2755,1886,1123
66,44,1509,3821,4248
66,45,3637,3028,171
66,46,506,4238,2809
66,47,2197,2786,2159
66,48,3736,506,3964
66,49,3839,3052,4162
66,50,1616,3953,3619
67,1,3787,2029,3059
67,2,3336,3957,1648
67,3,4207,1132,2686
67,4,4253,401,3181
67,5,3846,3924,2175
67,6,1627,2211,3407
67,7,3475,399,2940
67,8,2966,944,2379
67,9,2770,460,1890
67,10,3785,1351,459
67,11,4058,1260,4521
67,12,576,104,806
67,13,308,10,2459
67,14,1918,71,826
67,15,471,1964,110
67,16,3294,3524,3735
67,17,1387,2798,4441
67,18,3057,2060,3989
67,19,3660,1069,3145
67,20,3303,3774,2455
67,21,4480,1334,1826
67,22,1052,4120,2850
67,23,673,1063,2203
67,24,1116,2516,4210
67,25,2055,1672,3085
67,26,3881,2027,396
67,27,1498,2126,4320
67,28,4069,3471,893
67,29,3221,2154,1455
67,30,541,2543,2448
67,31,822,2297,2100
67,32,719,4190,1685
67,33,3573,2453,4089
67,34,3061,4612,1838
67,35,4085,3893,2310
67,36,4172,883,2547
67,37,369,2717,3694
67,38,538,1003,3078
67,39,2999,3307,4531
67,40,1494,4142,2942
67,41,2373,4147,1342
67,42,136,2873,1074
67,43,4605,1711,3673
67,44,3230,1801,4328
67,45,1265,1517,3229
67,46,161,4270,1319
67,47,2647,4580,1983
67,48,2570,4219,13
67,49,397,2994,1956
67,50,4353,1039,3473
68,1,560,75,3036
68,2,2788,1695,176
68,3,2700,1833,1313
68,4,3143,3014,2442
68,5,2952,3024,1796
68,6,3094,3866,1363
68,7,2776,1072,2751
68,8,1026,763,1440
68,9,3772,3283,4058
68,10,778,2011,614
68,11,2607,2857,3787
68,12,897,2719,725
68,13,1443,1237,2205
68,14,3284,431,1096
68,15,2486,457,1198
68,16,942,204,1468
68,17,3272,1685,1255
68,18,3784,3261,517
68,19,1172,403,4261
68,20,2034,1308,4317
68,21,3052,4428,115
68,22,4408,2005,3414
68,23,4184,1544,4514
68,24,3515,669,2704
68,25,3187,3127,4318
68,26,2809,593,1374
68,27,3433,2206,3601
68,28,33,2813,1234
68,29,1124,2300,3471
68,30,1621,967,363
68,31,2696,4261,3330
68,32,89,1759,3280
68,33,1209,4297,3057
68,34,4261,1269,4286
68,35,1211,1104,4619
68,36,2354,2987,831
68,37,1470,3763,398
68,38,3777,1358,1232
68,39,1562,533,2572
68,40,971,4470,1115
68,41,436,4071,4345
68,42,1979,2493,1282
68,43,4578,4234,4080
68,44,815,367,2447
68,45,1237,1877,1842
68,46,3493,4427,682
68,47,1024,1026,1012
68,48,2827,2370,3431
68,49,1737,4514,827
68,50,2617,4488,777
69,1,1225,2809,2313
69,2,2406,606,268
69,3,1415,3136,346
69,4,1809,4325,4508
69,5,302,1419,4209
69,6,647,4121,49
69,7,2238,4131,506
69,8,2775,1764,3491
69,9,1178,3861,1266
69,10,4612,1201,3230
69,11,3295,333,4122
69,12,38,3966,4368
69,13,2731,1175,228
69,14,4101,3749,1001
69,15,1882,2127,1349
69,16,1040,3506,2599
69,17,3944,1802,2638
69,18,1888,152,1236
69,19,951,834,1253
69,20,586,2767,4552
69,21,2388,320,3697
69,22,2038,3118,1452
69,23,986,3799,2780
69,24,2798,4557,2483
69,25,2538,299,2131
69,26,1566,3413,2028
69,27,2496,2420,759
69,28,323,1143,4027
69,29,3670,3612,720
69,30,696,785,2930
69,31,737,1719,2166
69,32,3715,1982,4363
69,33,2792,3650,1654
69,34,3994,1819,855
69,35,1687,3562,335
69,36,4351,2285,3618
69,37,1000,2871,458
69,38,4180,3146,511
69,39,1764,251,2492
69,40,1535,4250,1662
69,41,1468,3804,4047
69,42,1201,478,655
69,43,229,3600,3828
69,44,3995,8,3816
69,45,1328,4126,956
69,46,188,363,3089
69,47,3600,4013,1778
69,48,1226,3765,1478
69,49,2842,2691,2987
69,50,681,3359,1250
70,1,1817,2019,1934
70,2,3498,1374,1948
70,3,2883,4438,2585
70,4,2595,3437,90
70,5,3114,2354,167
70,6,403,4586,857
70,7,1777,531,4284
70,8,370,4552,4509
70,9,3058,811,2346
70,10,3843,4478,1334
70,11,1177,3716,3023
70,12,2803,1194,1117
70,13,2585,3576,6
70,14,961,1415,3076
70,15,280,1339,232
70,16,2529,160,2556
70,17,147,2190,4445
70,18,2216,2682,2202
70,19,4249,3096,1208
70,20,3110,2323,4113
70,21,2943,1178,3276
70,22,2567,2136,4114
70,23,1297,642,2803
70,24,1556,1741,3591
70,25,4270,3311,805
70,26,2762,771,2670
70,27,1345,1396,4106
70,28,328,2229,781
70,29,2661,1355,2025
70,30,4608,4543,4573
70,31,2837,4287,3954
70,32,2552,1841,982
70,33,1386,4235,2074
70,34,4337,2298,2573
70,35,3201,129,1435
70,36,1923,3449,958
70,37,306,2400,2391
70,38,632,3991,2795
70,39,2681,140,2064
70,40,1679,1411,2052
70,41,590,4136,2744
70,42,2959,1870,3389
70,43,62,448,3292
70,44,1871,4338,502
70,45,2154,1446,873
70,46,408,1963,1467
70,47,1803,3360,819
70,48,3461,524,2499
70,49,3847,443,2263
70,50,1359,396,3715
71,1,2417,1220,4152
71,2,4312,1137,455
71,3,3829,4083,4030
71,4,151,2866,494
71,5,2028,4482,3463
71,6,623,2583,1632
71,7,2670,3511,4411
71,8,3361,1633,188
71,9,3245,932,1919
71,10,2718,3766,1160
71,11,1581,1916,3705
71,12,1561,1130,2518
71,13,3323,4163,3384
71,14,2888,3425,2998
71,15,1937,389,4277
71,16,3050,1543,4111
71,17,4219,1566,4307
71,18,178,4541,704
71,19,1682,2231,1193
71,20,3176,2724,3801
71,21,3506,4030,684
71,22,3737,3645,1664
71,23,1568,666,3502
71,24,2342,2603,1834
71,25,978,2193,2339
71,26,3830,3921,3805
71,27,4430,4376,2767
71,28,1318,3545,36
71,29,1865,3513,1615
71,30,1545,3460,2367
71,31,4141,1013,3751
71,32,3767,3294,1150
71,33,3757,1702,3413
71,34,1361,4342,342
71,35,1413,876,2990
71,36,4265,3984,2043
71,37,2206,2240,1526
71,38,1829,4313,99
71,39,608,1241,448
71,40,4182,4463,387
71,41,2703,2646,3871
71,42,2375,4624,875
71,43,3680,219,1762
71,44,3430,658,707
71,45,1222,4465,4251
71,46,4484,2241,1379
71,47,3743,4092,1169
71,48,4343,110,1029
71,49,3360,459,2093
71,50,1094,4041,4495
72,1,2079,4137,1109
72,2,3735,3272,222
72,3,1392,982,1300
72,4,1699,2542,179
72,5,3499,369,2505
72,6,3235,3527,658
72,7,3631,1878,3695
72,8,3915,205,1027
72,9,285,2163,124
72,10,3539,342,166
72,11,559,2409,3307
72,12,3056,4591,2777
72,13,2081,3623,2152
72,14,2455,4485,3521
72,15,780,490,2627
72,16,4212,3266,1899
72,17,592,2367,2949
72,18,2257,70,1230
72,19,1870,28,4243
72,20,3939,605,3037
72,21,1934,4386,1340
72,22,1976,1729,832
72,23,4074,2441,1448
72,24,1701,284,3911
72,25,1119,2101,4555
72,26,2889,1118,3930
72,27,2084,2812,1708
72,28,1195,1393,889
72,29,2935,215,2962
72,30,3614,1191,1621
72,31,630,3388,157
72,32,3408,803,3675
72,33,2653,2332,3597
72,34,481,1747,416
72,35,1890,2189,1194
72,36,464,4191,3978
72,37,3446,3550,2885
72,38,3725,4487,1900
72,39,4472,3431,2118
72,40,1671,417,2039
72,41,2262,2848,2420
72,42,56,3426,2374
72,43,2256,2563,880
72,44,1272,762,400
72,45,648,3444,2601
72,46,2907,2123,3253
72,47,980,2928,437
72,48,4527,4263,1118
72,49,2493,2464,2089
72,50,2580,3877,3174
73,1,118,3613,3927
73,2,497,3885,3537
73,3,1985,3076,2126
73,4,2860,339,1418
73,5,1794,2155,3166
73,6,1179,2320,2859
73,7,536,1502,205
73,8,4146,2880,2234
73,9,1093,583,3760
73,10,833,395,3876
73,11,211,53,1125
73,12,4592,4016,2511
73,13,1810,4330,4331
73,14,2561,3434,33
73,15,4164,1304,1492
73,16,3098,3882,3439
73,17,2550,2796,2881
73,18,1481,4564,2830
73,19,4151,3638,3771
73,20,768,696,3468
73,21,4098,2806,4401
73,22,1692,2149,1442
73,23,1892,3204,3786
73,24,2222,671,557
73,25,3560,1613,2945
73,26,2693,4213,3880
73,27,4489,1989,3077
73,28,3378,640,1062
73,29,2107,127,2431
73,30,3542,2910,732
73,31,1655,298,984
73,32,4313,3317,608
73,33,4481,4423,520
73,34,1324,3917,2779
73,35,4075,4102,4395
73,36,1288,3599,1901
73,37,360,1299,4028
73,38,4086,4068,21
73,39,150,4072,4050
73,40,4624,3590,2526
73,41,3115,2080,2258
73,42,3332,324,158
73,43,1640,4609,2399
73,44,2713,901,1323
73,45,4347,2270,2446
73,46,2029,2572,4245
73,47,2841,1414,3755
73,48,1686,2037,374
73,49,1350,1234,256
73,50,658,4556,2642
74,1,3513,2,1235
74,2,428,407,1920
74,3,2744,230,3728
74,4,1315,2416,3793
74,5,1365,3654,4212
74,6,1672,3697,2298
74,7,4209,2359,326
74,8,1925,1714,445
74,9,373,2967,1792
74,10,4369,2386,3173
74,11,3335,82,838
74,12,2600,2956,4467
74,13,1785,2999,580
74,14,2397,4105,4409
74,15,743,3436,1678
74,16,4080,1992,2055
74,17,1811,2089,2355
74,18,2668,138,2898
74,19,2125,1206,4385
74,20,1927,4354,1527
74,21,717,2623,760
74,22,3097,1766,3252
74,23,3125,1570,3727
74,24,4059,3476,833
74,25,2360,3963,3232
74,26,1103,1440,4497
74,27,3364,4623,2616
74,28,4105,2049,29
74,29,3132,4077,2663
74,30,84,1796,2658
74,31,4507,2013,1399
74,32,2356,529,415
74,33,3524,2781,3053
74,34,3424,42,1987
74,35,2761,1827,4176
74,36,937,4226,3452
74,37,374,125,4264
74,38,4022,4180,3154
74,39,1025,475,1206
74,40,2472,1780,1647
74,41,3948,3239,2061
74,42,3008,1967,2715
74,43,1769,1484,2489
74,44,3643,1441,648
74,45,163,4448,2380
74,46,2449,4496,2824
74,47,329,544,1325
74,48,1793,3336,4032
74,49,2022,1219,3685
74,50,4554,3071,2422
75,1,2049,290,3819
75,2,1115,2489,2660
75,3,1648,1238,3581
75,4,2866,1956,1643
75,5,1245,4347,4213
75,6,2820,1556,1878
75,7,1919,2082,28
75,8,509,446,4323
75,9,1798,4283,118
75,10,1182,3967,3211
75,11,2331,1154,1141
75,12,3376,2052,4602
75,13,3067,77,3922
75,14,2437,3462,1140
75,15,1259,2055,1628
75,16,3246,655,1620
75,17,679,2389,3602
75,18,4615,2249,724
75,19,292,1291,2008
75,20,582,1854,4574
75,21,3385,3515,3146
75,22,1088,865,1190
75,23,3720,3786,2440
75,24,610,2391,1015
75,25,3984,775,2184
75,26,920,1359,325
75,27,2230,44,3367
75,28,470,4610,2840
75,29,4542,1924,2354
75,30,810,1119,1866
75,31,3292,45,3225
75,32,2708,191,824
75,33,2415,3926,1321
75,34,2560,3184,1501
75,35,3240,960,547
75,36,3226,2662,3810
75,37,4586,1123,4280
75,38,956,2591,1986
75,39,2815,543,71
75,40,291,2664,2512
75,41,1859,4053,1748
75,42,4292,3417,3197
75,43,2879,2925,3233
75,44,1158,3954,574
75,45,2895,1472,1085
75,46,1180,3176,2192
75,47,948,1555,3767
75,48,133,1249,1369
75,49,1192,181,1720
75,50,4235,4101,476
76,1,2432,1545,52
76,2,2823,3844,4160
76,3,3781,1272,1060
76,4,4354,943,2133
76,5,10,2915,2190
76,6,641,4571,3207
76,7,307,578,2947
76,8,2260,2803,272
76,9,711,3657,1217
76,10,4362,1512,3065
76,11,643,4367,3696
76,12,332,2981,558
76,13,2705,4596,1347
76,14,4436,3006,2696
76,15,864,1872,4540
76,16,2562,4499,4431
76,17,851,4220,2687
76,18,3124,195,109
76,19,406,4004,793
76,20,3031,4124,3501
76,21,2497,1549,2389
76,22,246,476,2484
76,23,2543,3685,1489
76,24,2329,3340,2588
76,25,1250,4626,518
76,26,1756,951,4019
76,27,2410,3912,1491
76,28,3523,717,2292
76,29,1217,863,1938
76,30,1813,1595,2493
76,31,3721,1504,617
76,32,1845,3296,2299
76,33,4534,2376,1954
76,34,2140,3010,3845
76,35,3177,4097,141
76,36,924,3216,175
76,37,4218,2738,2314
76,38,3238,2727,2714
76,39,3918,3162,2626
76,40,2483,3054,2831
76,41,1704,610,8
76,42,3131,4589,1389
76,43,2285,4429,749
76,44,485,3415,3570
76,45,1016,4010,4278
76,46,348,1656,2256
76,47,1244,802,952
76,48,2305,3385,2742
76,49,3322,3836,1103
76,50,611,1295,2545
77,1,621,1696,3098
77,2,219,1901,308
77,3,2811,254,715
77,4,2578,427,4180
77,5,2363,2487,1119
77,6,303,2647,3605
77,7,2014,481,976
77,8,1641,1756,3962
77,9,267,1078,22
77,10,4425,1847,2195
77,11,467,1267,4357
77,12,1956,3531,2602
77,13,3529,136,1407
77,14,1034,1701,1371
77,15,210,2490,2939
77,16,755,2887,300
77,17,1395,2974,3155
77,18,4451,1536,2630
77,19,1960,4526,1908
77,20,1922,1624,343
77,21,1164,4378,80
77,22,2351,4361,2210
77,23,50,2501,1777
77,24,4236,4159,4312
77,25,420,3304,3636
77,26,3897,4064,1691
77,27,3083,88,652
77,28,3557,2877,1025
77,29,2612,2030,1196
77,30,4048,326,252
77,31,2856,1144,1566
77,32,1196,174,1847
77,33,4308,1375,637
77,34,223,3389,4325
77,35,186,1081,2815
77,36,1123,2135,867
77,37,518,801,4433
77,38,4562,3899,3982
77,39,2900,2502,870
77,40,57,2485,4183
77,41,1238,3338,685
77,42,734,1390,1284
77,43,1478,885,4257
77,44,931,3661,1912
77,45,4293,4584,4268
77,46,795,124,829
77,47,3410,4052,3550
77,48,4165,846,2628
77,49,1159,3258,2566
77,50,4497,3843,3729
78,1,2148,1690,4488
78,2,4570,3025,3074
78,3,2414,1142,2991
78,4,2967,3574,3456
78,5,1132,2718,3054
78,6,1983,66,2419
78,7,3025,2385,4298
78,8,886,1082,1829
78,9,784,926,189
78,10,758,2397,1240
78,11,2826,4495,1696
78,12,3121,347,926
78,13,2194,4189,91
78,14,3042,1221,1947
78,15,489,4208,276
78,16,4331,5,3990
78,17,788,511,4613
78,18,2954,3379,2138
78,19,494,295,2441
78,20,4245,3996,2266
78,21,1029,134,787
78,22,1255,4339,2760
78,23,1109,1859,3215
78,24,1858,51,2977
78,25,2878,3905,660
78,26,1441,1268,2073
78,27,1354,2000,1886
78,28,2254,3830,553
78,29,3055,2751,2453
78,30,1742,1083,3460
78,31,1408,4295,1939
78,32,4242,3751,1885
78,33,2267,3390,3534
78,34,1938,3889,425
78,35,1511,383,3228
78,36,2382,364,3380
78,37,2719,1060,1482
78,38,1254,2286,4138
78,39,996,997,4018
78,40,2833,720,1622
78,41,1656,372,3120
78,42,907,889,1387
78,43,1205,2146,1479
78,44,381,1800,452
78,45,70,2538,930
78,46,3247,3736,2959
78,47,1835,616,4386
78,48,2010,608,1205
78,49,2915,2048,2765
78,50,2645,4009,3374
79,1,1950,1625,3703
79,2,4008,884,4587
79,3,984,3632,2240
79,4,4210,1541,3704
79,5,2274,130,4362
79,6,4515,2112,1555
79,7,1664,667,1152
79,8,2949,2802,4476
79,9,988,450,2864
79,10,350,3757,3255
79,11,782,4468,693
79,12,3883,2327,324
79,13,2116,100,3875
79,14,41,7,4102
79,15,4598,1786,4226
79,16,1131,2259,372
79,17,3604,113,1431
79,18,2872,2790,1968
79,19,2441,653,746
79,20,3605,2316,1406
79,21,1145,4346,3348
79,22,1394,3416,3433
79,23,1058,2467,717
79,24,3267,2074,4376
79,25,1453,1811,4104
79,26,868,3898,1512
79,27,1997,4433,2487
79,28,4092,3128,757
79,29,4278,2192,2896
79,30,3485,4382,2911
79,31,2024,534,251
79,32,117,2619,4199
79,33,1377,1471,328
79,34,4081,3719,891
79,35,2736,3849,2081
79,36,2499,1168,1473
79,37,4332,3633,3968
79,38,1903,1383,5
79,39,3073,414,3305
79,40,998,1575,1589
79,41,1846,4396,4406
79,42,3611,3472,1955
79,43,1142,2173,2309
79,44,354,4377,1053
79,45,4102,1477,3445
79,46,4007,2363,4319
79,47,1005,2527,3946
79,48,3488,4563,3736
79,49,1320,2254,3578
79,50,1099,4002,3509
80,1,2426,1568,2097
80,2,2994,4172,2550
80,3,3382,3579,168
80,4,1784,4144,2027
80,5,4041,929,295
80,6,1980,1352,2858
80,7,3172,3681,2608
80,8,2204,3289,3079
80,9,3766,568,4341
80,10,3310,1106,2108
80,11,2522,1821,4420
80,12,1106,2991,4108
80,13,2664,4108,4112
80,14,3954,4607,512
80,15,2137,2291,3263
80,16,3005,1156,848
80,17,721,2721,3386
80,18,4380,2907,4093
80,19,626,3628,4576
80,20,4357,29,2012
80,21,1883,1692,3300
80,22,3394,187,3576
80,23,3651,3420,3309
80,24,2603,2640,651
80,25,1483,3232,3628
80,26,3935,1863,2752
80,27,1775,480,3520
80,28,432,221,4037
80,29,2007,2237,4484
80,30,3368,1917,2798
80,31,4285,723,2969
80,32,3479,1704,973
80,33,51,1962,1674
80,34,1397,698,1783
80,35,2652,1330,1693
80,36,2072,1657,1729
80,37,282,1336,4254
80,38,1517,2271,3603
80,39,2709,68,3066
80,40,1754,2673,1995
80,41,2182,989,2593
80,42,1422,1861,1849
80,43,168,106,1641
80,44,3205,672,3587
80,45,2318,4615,3432
80,46,3261,3815,234
80,47,495,1436,1750
80,48,3299,3667,3937
80,49,2459,358,142
80,50,2802,3132,1677
81,1,4169,2097,2112
81,2,4136,2436,3340
81,3,3164,2992,2344
81,4,2855,3419,3831
81,5,417,3032,2594
81,6,4163,670,1487
81,7,4237,3279,4435
81,8,3402,3999,2530
81,9,2828,3282,2513
81,10,2425,1866,4517
81,11,311,1760,2224
81,12,812,806,1703
81,13,2928,1203,1772
81,14,3856,1571,2350
81,15,1624,385,1745
81,16,1537,850,1781
81,17,3924,192,3984
81,18,3719,3649,3014
81,19,2774,2503,1716
81,20,2358,2650,3972
81,21,1277,3445,15
81,22,3804,3099,1528
81,23,105,4430,2387
81,24,4574,3606,1221
81,25,442,2328,3719
81,26,1274,1921,4375
81,27,3951,1712,2066
81,28,670,2509,144
81,29,3355,1442,996
81,30,4106,3721,3382
81,31,469,3308,349
81,32,2942,987,594
81,33,4493,1277,1341
81,34,3947,3960,2523
81,35,2487,1783,4353
81,36,2481,378,3722
81,37,4097,3870,1932
81,38,1510,3910,4063
81,39,3141,1535,898
81,40,1049,2693,4110
81,41,2865,1445,762
81,42,1904,3380,3034
81,43,892,4215,1041
81,44,3882,2639,3025
81,45,2310,2763,241
81,46,4376,2266,4448
81,47,2742,3439,4592
81,48,4279,4405,2540
81,49,517,2553,1293
81,50,977,1984,696
82,1,624,3055,3195
82,2,2544,3222,970
82,3,83,3696,768
82,4,3437,2942,3236
82,5,816,1338,4415
82,6,1012,4505,3070
82,7,3889,3213,2381
82,8,127,394,2860
82,9,3089,1855,1631
82,10,164,114,1179
82,11,2669,3309,3866
82,12,3921,1129,237
82,13,3199,3276,4548
82,14,281,489,2937
82,15,2662,4545,2596
82,16,918,4164,149
82,17,1433,4029,4179
82,18,3899,335,1016
82,19,213,1427,3489
82,20,2209,3313,1165
82,21,3068,1748,2957
82,22,4299,2333,426
82,23,4364,3125,1605
82,24,335,2995,132
82,25,3419,4497,3533
82,26,1033,3797,1705
82,27,1726,237,3884
82,28,3407,3886,3393
82,29,3896,539,2147
82,30,3080,4542,423
82,31,1139,974,3877
82,32,4541,509,566
82,33,4145,3421,940
82,34,3117,1634,3319
82,35,1382,1943,350
82,36,4557,131,4001
82,37,1862,238,2997
82,38,866,3497,3802
82,39,1340,3741,1274
82,40,1552,1297,1067
82,41,1065,2340,4194
82,42,205,3033,3424
82,43,4525,4132,2989
82,44,1891,3490,465
82,45,3550,2393,649
82,46,1111,3197,569
82,47,3511,83,4140
82,48,687,4256,2359
82,49,222,1728,1210
82,50,3227,4525,1178
83,1,220,2372,1915
83,2,1045,248,2232
83,3,3828,332,2819
83,4,4471,3090,1008
83,5,3312,1016,3462
83,6,2753,2686,380
83,7,3185,3948,2165
83,8,237,931,137
83,9,4397,2608,586
83,10,3570,4356,3052
83,11,2235,687,1697
83,12,1797,3995,4237
83,13,3999,1885,709
83,14,1806,2614,352
83,15,3432,1955,1876
83,16,3194,1874,3633
83,17,2446,4474,761
83,18,2881,3082,1046
83,19,48,3507,3203
83,20,3907,1628,314
83,21,3116,4277,3557
83,22,160,1317,3328
83,23,3190,2428,4373
83,24,3441,2736,3541
83,25,1694,4387,214
83,26,510,107,773
83,27,3406,4217,1717
83,28,3816,4158,258
83,29,2710,2761,2185
83,30,3339,1503,2764
83,31,3398,2001,1182
83,32,526,1229,2563
83,33,1752,158,1385
83,34,1251,2582,2994
83,35,3137,2852,1246
83,36,1894,4582,3809
83,37,1235,4450,206
83,38,4528,3234,2356
83,39,660,4504,3638
83,40,2619,2225,2891
83,41,2751,2850,3401
83,42,2225,2335,3006
83,43,1920,3404,2208
83,44,2340,3979,1971
83,45,634,1045,3293
83,46,3603,1261,4550
83,47,2249,4223,312
83,48,1959,551,4052
83,49,3969,3940,665
83,50,2271,660,1066
84,1,2025,4154,3049
84,2,2123,3666,2961
84,3,3686,3041,1689
84,4,3888,565,3823
84,5,1303,2944,3041
84,6,3652,1108,4571
84,7,3495,2452,994
84,8,4135,3124,1405
84,9,3625,756,291
84,10,2599,1367,140
84,11,3806,377,3526
84,12,1092,4315,1951
84,13,3739,3614,254
84,14,994,1410,1623
84,15,2041,2152,464
84,16,411,2180,2810
84,17,3805,749,3096
84,18,1440,4251,87
84,19,1792,1880,2086
84,20,3482,1210,4461
84,21,873,2095,1035
84,22,45,2754,1488
84,23,1208,3706,373
84,24,1998,983,744
84,25,3273,1068,391
84,26,4049,2512,640
84,27,3145,496,1200
84,28,1592,1408,4450
84,29,3395,4109,4360
84,30,3730,74,2542
84,31,596,2484,967
84,32,3892,4276,3713
84,33,4558,2046,1438
84,34,378,2214,2792
84,35,200,62,814
84,36,1207,3386,3525
84,37,1631,3605,138
84,38,4456,1270,2334
84,39,2542,4455,3487
84,40,1924,2865,1953
84,41,765,1558,4583
84,42,2745,2382,3191
84,43,2324,1384,2406
84,44,694,119,3943
84,45,1390,168,2565
84,46,3876,289,1249
84,47,4187,3298,169
84,48,1750,3166,3185
84,49,3622,2110,3026
84,50,4301,4458,2598
85,1,3809,3584,1568
85,2,2639,4187,1988
85,3,3521,4165,4173
85,4,1721,887,3671
85,5,2350,2365,3108
85,6,2489,2624,3834
85,7,3,2578,948
85,8,3326,835,1625
85,9,2465,3334,3360
85,10,1425,4050,127
85,11,3105,2117,2452
85,12,3444,2183,703
85,13,1571,1817,3540
85,14,1042,1421,2333
85,15,2422,3923,3472
85,16,3296,3546,3544
85,17,2672,3477,2874
85,18,3345,3642,1457
85,19,2533,895,267
85,20,4154,4477,4340
85,21,2460,4122,2519
85,22,1020,2927,1558
85,23,2571,4061,2098
85,24,2704,898,3768
85,25,573,2313,839
85,26,3533,3674,1522
85,27,2983,2949,4238
85,28,1614,2708,2113
85,29,13,3411,3196
85,30,3572,1014,2567
85,31,363,1772,0
85,32,2086,360,559
85,33,1557,2892,2164
85,34,3155,664,282
85,35,947,4473,3420
85,36,4189,2220,4017
85,37,3574,2479,2120
85,38,4377,3257,1297
85,39,2831,1023,95
85,40,3559,265,1311
85,41,888,2514,2871
85,42,313,3691,4087
85,43,2174,4337,3282
85,44,1462,210,185
85,45,2139,2445,2854
85,46,944,2070,692
85,47,226,2219,375
85,48,2712,3499,638
85,49,3274,163,2237
85,50,4173,482,3051
86,1,2876,85,337
86,2,2286,235,3032
86,3,568,724,4305
86,4,2282,3591,2468
86,5,2689,188,3242
86,6,3264,3486,1181
86,7,1582,2317,2659
86,8,193,3065,2464
86,9,1826,2627,3974
86,10,1864,2926,1655
86,11,2500,183,1911
86,12,2864,4173,1969
86,13,3770,3525,3864
86,14,1634,842,3392
86,15,1822,1658,706
86,16,3855,4422,181
86,17,317,4549,61
86,18,3133,4616,2251
86,19,885,934,1290
86,20,1304,590,2668
86,21,4510,89,1857
86,22,2032,1059,1958
86,23,3372,704,2533
86,24,2721,3206,4013
86,25,1469,838,1536
86,26,203,2998,678
86,27,3377,2565,101
86,28,1450,1980,3730
86,29,1331,90,1743
86,30,1939,4065,2362
86,31,1266,1893,1981
86,32,4511,3231,2510
86,33,2897,4118,2278
86,34,842,2059,874
86,35,2044,162,4000
86,36,1720,1007,3952
86,37,2931,859,344
86,38,326,3780,1303
86,39,2987,634,3004
86,40,2525,3635,2132
86,41,342,618,3836
86,42,1044,920,2673
86,43,3520,4388,4337
86,44,1213,266,320
86,45,3024,3607,2698
86,46,295,4489,3448
86,47,1221,4280,2746
86,48,616,137,3496
86,49,4485,3972,2613
86,50,79,3578,1576
87,1,3503,3624,1611
87,2,3619,1670,2023
87,3,4492,3053,3238
87,4,2145,3764,112
87,5,1071,2694,1122
87,6,2732,3328,3277
87,7,29,3361,3676
87,8,361,4024,114
87,9,2266,2630,3453
87,10,4426,1378,1607
87,11,756,1526,2720
87,12,416,4524,217
87,13,2057,2279,3126
87,14,4487,2122,4188
87,15,4140,1839,699
87,16,2162,4110,2814
87,17,1667,591,1903
87,18,2808,216,2287
87,19,1725,2491,2253
87,20,2308,814,2092
87,21,2231,908,783
87,22,4609,322,1701
87,23,876,3252,1094
87,24,945,348,4301
87,25,4588,2003,923
87,26,1100,1732,3104
87,27,848,1647,628
87,28,2452,855,1755
87,29,64,1794,4267
87,30,2478,682,3956
87,31,3589,93,3184
87,32,1292,483,439
87,33,2334,3807,3555
87,34,3027,3395,1797
87,35,2001,1006,925
87,36,563,2663,736
87,37,2859,1679,129
87,38,1085,2919,3200
87,39,4388,184,83
87,40,4144,1516,364
87,41,1746,2633,246
87,42,600,725,3991
87,43,819,351,1875
87,44,3754,2711,4472
87,45,76,2171,2718
87,46,594,674,916
87,47,2590,57,4407
87,48,3745,2938,2781
87,49,2457,4381,150
87,50,1072,1207,447
88,1,3242,3927,430
88,2,2175,3492,4456
88,3,1955,718,2931
88,4,2573,3670,219
88,5,1673,1684,4348
88,6,2136,881,1891
88,7,2591,2353,507
88,8,4282,624,2121
88,9,3434,3944,3608
88,10,671,3986,1328
88,11,325,73,991
88,12,2016,872,3137
88,13,982,3856,2537
88,14,3307,3761,4494
88,15,1926,3598,397
88,16,556,3080,4590
88,17,561,420,488
88,18,1522,3220,1384
88,19,656,4242,2849
88,20,4160,4437,4566
88,21,465,783,2789
88,22,1289,2087,1822
88,23,4350,4104,1377
88,24,4119,2525,2394
88,25,3905,3568,390
88,26,410,847,4545
88,27,468,1095,4072
88,28,2569,2970,3634
88,29,499,4222,2782
88,30,479,868,2656
88,31,1783,2086,1727
88,32,2430,1525,1415
88,33,1555,4348,159
88,34,1268,3182,2471
88,35,3986,4094,1887
88,36,3465,2137,37
88,37,2336,1554,797
88,38,3727,4157,3580
88,39,2172,1462,4427
88,40,3198,1147,270
88,41,17,1749,2507
88,42,3104,1278,3517
88,43,1348,1071,3478
88,44,480,2481,4399
88,45,3285,1486,2979
88,46,1751,398,339
88,47,3943,4318,2825
88,48,3978,2405,1426
88,49,3329,1965,3934
88,50,1362,3559,1843
89,1,1936,2468,2062
89,2,764,3067,1583
89,3,120,1492,4502
89,4,414,3793,919
89,5,802,1938,3748
89,6,3630,1726,3936
89,7,617,2536,4426
89,8,2046,2674,4065
89,9,3789,3665,3645
89,10,4440,3175,2432
89,11,1503,826,2317
89,12,4617,2988,3869
89,13,1148,2726,4526
89,14,3675,2934,3691
89,15,4393,2632,2329
89,16,1558,937,1464
89,17,1569,1141,3933
89,18,2036,4085,1408
89,19,895,2185,1338
89,20,2779,3627,3314
89,21,3298,3755,2157
89,22,496,2800,2454
89,23,806,525,1220
89,24,443,2434,2249
89,25,3825,3433,2033
89,26,3367,3785,3069
89,27,3469,3981,3095
89,28,2902,1391,2236
89,29,3531,2099,3514
89,30,794,494,1291
89,31,772,4231,947
89,32,1559,1617,1420
89,33,3334,1539,616
89,34,3874,1895,1358
89,35,1990,722,131
89,36,3872,886,1596
89,37,1083,203,959
89,38,4466,4555,1684
89,39,1755,1750,280
89,40,3976,577,133
89,41,2281,4243,2365
89,42,1949,3552,2611
89,43,4211,3504,4624
89,44,580,3988,2636
89,45,2706,2523,545
89,46,257,3637,1324
89,47,552,3939,2301
89,48,1875,2449,1050
89,49,482,3639,3299
89,50,581,4625,2524
90,1,58,1231,419
90,2,1804,3891,4107
90,3,1885,1699,4370
90,4,172,81,3206
90,5,2769,1829,778
90,6,524,2621,988
90,7,1840,1165,632
90,8,2030,2782,128
90,9,991,3946,4453
90,10,3698,602,1539
90,11,4239,2238,1364
90,12,3588,3922,1059
90,13,3059,2197,1735
90,14,3268,743,4388
90,15,2553,359,113
90,16,1647,1937,2549
90,17,4417,1635,2734
90,18,1735,1986,41
90,19,3466,1240,1209
90,20,4322,4431,1280
90,21,2171,1096,1807
90,22,1352,4409,1799
90,23,3893,2139,3678
90,24,1051,2560,4158
90,25,1030,2690,3130
90,26,4363,953,3297
90,27,566,3081,3323
90,28,3981,1530,646
90,29,701,120,39
90,30,4582,864,1191
90,31,1973,3482,4067
90,32,474,3086,2665
90,33,1961,1646,2614
90,34,2519,3403,924
90,35,2973,4608,4321
90,36,916,1798,2996
90,37,159,888,1898
90,38,4002,50,4513
90,39,2655,2041,2048
90,40,4,1266,3707
90,41,4344,3203,1143
90,42,4418,3677,3378
90,43,1323,1064,2225
90,44,3063,1799,4131
90,45,4581,2158,598
90,46,1629,2830,3995
90,47,4499,913,1918
90,48,2444,4140,283
90,49,871,4125,1991
90,50,4158,4184,2965
91,1,1463,4471,4121
91,2,4100,194,4369
91,3,2157,222,2282
91,4,26,786,1093
91,5,3716,4593,2244
91,6,1295,4107,689
91,7,3561,3754,3632
91,8,2404,497,2827
91,9,913,1842,3243
91,10,2786,3187,3617
91,11,2185,3143,4541
91,12,4398,1773,4512
91,13,938,4518,1084
91,14,94,2829,1078
91,15,2059,1818,2065
91,16,4334,2456,2600
91,17,3834,1912,596
91,18,3126,418,3684
91,19,3152,1538,4481
91,20,520,1456,2475
91,21,3458,4403,3302
91,22,1310,1522,3286
91,23,1252,424,2456
91,24,898,2842,4023
91,25,385,3259,2327
91,26,744,2681,535
91,27,4042,3348,3994
91,28,4174,2132,4475
91,29,1133,3305,2702
91,30,1796,1589,4196
91,31,2965,3314,531
91,32,3271,1688,2150
91,33,3509,761,3957
91,34,2152,273,2288
91,35,4415,713,497
91,36,2020,3158,1578
91,37,4621,2785,4290
91,38,2169,3737,1461
91,39,1170,2121,2243
91,40,3758,4080,3565
91,41,3241,4360,55
91,42,4089,971,609
91,43,1741,2765,2228
91,44,2577,139,516
91,45,1728,1032,2405
91,46,542,1018,44
91,47,2193,866,1469
91,48,3286,20,1168
91,49,2584,1200,1003
91,50,262,311,3882
92,1,1876,3629,393
92,2,458,3479,3549
92,3,2656,4384,485
92,4,1799,892,1833
92,5,2211,2519,920
92,6,3108,1262,2786
92,7,3786,706,2956
92,8,1338,1041,913
92,9,2005,2933,3313
92,10,4375,685,1630
92,11,1401,3399,2921
92,12,584,3875,2307
92,13,2187,338,4449
92,14,1716,4613,4554
92,15,2910,2961,119
92,16,3032,4054,1828
92,17,1332,2433,76
92,18,2988,928,1288
92,19,3714,4521,2277
92,20,2277,576,357
92,21,3113,1523,2833
92,22,827,3015,3732
92,23,1907,2196,3960
92,24,653,410,1910
92,25,2370,2617,1233
92,26,1866,656,4428
92,27,375,1034,3716
92,28,569,1366,3857
92,29,1575,3594,3027
92,30,2962,4332,2692
92,31,2401,2704,309
92,32,4522,2713,3574
92,33,645,3747,355
92,34,3100,770,403
92,35,1022,500,2031
92,36,4392,844,2116
92,37,3763,4278,1065
92,38,355,631,1544
92,39,2166,2255,1561
92,40,2817,2426,3900
92,41,2940,1357,3909
92,42,792,503,784
92,43,3112,1528,3161
92,44,759,501,2822
92,45,837,400,286
92,46,2757,520,2373
92,47,1763,3087,882
92,48,1273,1489,2583
92,49,2276,2227,2211
92,50,2787,4150,775
93,1,3462,3169,573
93,2,1307,1054,4186
93,3,53,4063,917
93,4,2278,4197,1302
93,5,3679,1315,2316
93,6,1805,784,2775
93,7,3436,1257,602
93,8,4464,3079,2935
93,9,1628,1020,2671
93,10,4597,879,3318
93,11,217,472,3100
93,12,4139,1443,2482
93,13,1905,3227,4208
93,14,1791,3555,1283
93,15,767,4480,820
93,16,244,3050,72
93,17,260,3542,4623
93,18,3456,4211,1840
93,19,712,156,238
93,20,4467,4081,2372
93,21,839,3712,1844
93,22,1143,788,3109
93,23,1828,3030,1447
93,24,2006,3789,955
93,25,2253,1179,4439
93,26,204,2343,4260
93,27,912,315,3346
